-- phpMyAdmin SQL Dump
-- version 3.4.11.1deb1
-- http://www.phpmyadmin.net
--
-- Host: localhost
-- Generation Time: Jun 03, 2014 at 07:39 AM
-- Server version: 5.5.37
-- PHP Version: 5.4.6-1ubuntu1.8

SET SQL_MODE="NO_AUTO_VALUE_ON_ZERO";
SET time_zone = "+00:00";


/*!40101 SET @OLD_CHARACTER_SET_CLIENT=@@CHARACTER_SET_CLIENT */;
/*!40101 SET @OLD_CHARACTER_SET_RESULTS=@@CHARACTER_SET_RESULTS */;
/*!40101 SET @OLD_COLLATION_CONNECTION=@@COLLATION_CONNECTION */;
/*!40101 SET NAMES utf8 */;

--
-- Database: `lib_chdu`
--

-- --------------------------------------------------------

--
-- Table structure for table `AdminUser`
--

CREATE TABLE IF NOT EXISTS `AdminUser` (
  `adminUserId` int(11) NOT NULL AUTO_INCREMENT,
  `name` varchar(20) DEFAULT NULL,
  `lastName` varchar(20) DEFAULT NULL,
  `phone` varchar(20) DEFAULT NULL,
  `email` varchar(50) DEFAULT NULL,
  `login` varchar(50) DEFAULT NULL,
  `password` varchar(40) DEFAULT NULL,
  `salt` varchar(100) DEFAULT NULL,
  `role` int(2) DEFAULT NULL,
  `active` int(1) DEFAULT '1',
  `updated_timestamp` timestamp NOT NULL DEFAULT CURRENT_TIMESTAMP ON UPDATE CURRENT_TIMESTAMP,
  `created_timestamp` timestamp NOT NULL DEFAULT '0000-00-00 00:00:00',
  PRIMARY KEY (`adminUserId`)
) ENGINE=InnoDB  DEFAULT CHARSET=utf8 AUTO_INCREMENT=2 ;

--
-- Dumping data for table `AdminUser`
--

INSERT INTO `AdminUser` (`adminUserId`, `name`, `lastName`, `phone`, `email`, `login`, `password`, `salt`, `role`, `active`, `updated_timestamp`, `created_timestamp`) VALUES
(1, 'Admin', '', '', 'admin@mailinator.com', 'admin', '21232f297a57a5a743894a0e4a801fc3', NULL, 1, 1, '2014-05-26 16:52:23', '0000-00-00 00:00:00');

-- --------------------------------------------------------

--
-- Table structure for table `AdminUserSession`
--

CREATE TABLE IF NOT EXISTS `AdminUserSession` (
  `id` char(32) NOT NULL,
  `expire` int(11) DEFAULT NULL,
  `data` longblob,
  PRIMARY KEY (`id`)
) ENGINE=InnoDB DEFAULT CHARSET=utf8;

--
-- Dumping data for table `AdminUserSession`
--

INSERT INTO `AdminUserSession` (`id`, `expire`, `data`) VALUES
('7g16l5utaqbhbdjipb36had956', 1401780808, 0x37363638643434383262333736613063383935376435313337343464346433315f5f72657475726e55726c7c733a363a222f61646d696e223b),
('8rge57gl12fpqlpaeptl1jh0l7', 1401821388, 0x37363638643434383262333736613063383935376435313337343464346433315f5f72657475726e55726c7c733a363a222f61646d696e223b37363638643434383262333736613063383935376435313337343464346433316e616d657c733a353a2241646d696e223b37363638643434383262333736613063383935376435313337343464346433316c6f67696e7c733a353a2261646d696e223b3736363864343438326233373661306338393537643531333734346434643331656d61696c7c733a32303a2261646d696e406d61696c696e61746f722e636f6d223b37363638643434383262333736613063383935376435313337343464346433315f5f69647c733a353a2261646d696e223b37363638643434383262333736613063383935376435313337343464346433315f5f6e616d657c733a353a2261646d696e223b37363638643434383262333736613063383935376435313337343464346433315f5f7374617465737c613a303a7b7d37363638643434383262333736613063383935376435313337343464346433315969692e43576562557365722e666c6173682e4f5045524154494f4e5f524553554c547c733a33333a22d0a1d0bed185d180d0b0d0bdd0b5d0bdd0be20d183d181d0bfd0b5d188d0bdd0be223b37363638643434383262333736613063383935376435313337343464346433315969692e43576562557365722e666c617368636f756e746572737c613a313a7b733a31363a224f5045524154494f4e5f524553554c54223b693a313b7d),
('cirs5kkm77tbu6u5i0vrlejjf6', 1401780809, ''),
('d2596f273ta0srqs0dhqnc05m2', 1401780808, '');

-- --------------------------------------------------------

--
-- Table structure for table `Article`
--

CREATE TABLE IF NOT EXISTS `Article` (
  `articleId` int(11) NOT NULL AUTO_INCREMENT,
  `name` varchar(200) DEFAULT NULL,
  `categoryId` int(11) DEFAULT NULL,
  `index` float(10,4) DEFAULT NULL,
  `file` varchar(500) DEFAULT NULL,
  `year` int(11) DEFAULT NULL,
  PRIMARY KEY (`articleId`)
) ENGINE=InnoDB  DEFAULT CHARSET=utf8 AUTO_INCREMENT=390 ;

--
-- Dumping data for table `Article`
--

INSERT INTO `Article` (`articleId`, `name`, `categoryId`, `index`, `file`, `year`) VALUES
(101, 'Коригування експертної інформації при автоматизації процесів прийняття рішень на основі ідентифікації прихованих впливів', 11, 0.0000, 'http://lib.chdu.edu.ua/pdf/naukpraci/computer/2007/63-50-10.pdf', 2007),
(102, 'Використання алгоритму А* для знаходження найкоротшого шляху в просторі з обмеженнями', 11, 0.0000, 'http://lib.chdu.edu.ua/pdf/naukpraci/computer/2007/63-50-11.pdf', 2007),
(103, 'Синхронізація оновлення даних в гетерогенних інформаційних системах', 11, 0.0000, 'http://lib.chdu.edu.ua/pdf/naukpraci/computer/2007/63-50-6.pdf', 2007),
(104, 'Особливості синтезу регуляторів на базі розв’язку задачі адекватного наближення моделі', 11, 0.0000, 'http://lib.chdu.edu.ua/pdf/naukpraci/computer/2007/63-50-17.pdf', 2007),
(105, 'Аналітичні моделі результуючих функцій належності для автоматизації обчислювальних процесів з нечіткими множинами: операція ділення', 11, 0.0000, 'http://lib.chdu.edu.ua/pdf/naukpraci/computer/2007/63-50-9.pdf', 2007),
(106, 'Підвищення точності представлення картографічних даних шляхом переходу до еліпсоїдальних електронних карт', 11, 0.0000, 'http://lib.chdu.edu.ua/pdf/naukpraci/computer/2007/63-50-16.pdf', 2007),
(107, 'Информационная технология генерации альтернативных стохастических графов', 11, 0.0000, 'http://lib.chdu.edu.ua/pdf/naukpraci/computer/2007/63-50-2.pdf', 2007),
(108, 'Застосування апарату оптимізації параметрів стохастичного процесу у розв’язанні задач усталеності технологічного процесу', 11, 0.0000, 'http://lib.chdu.edu.ua/pdf/naukpraci/computer/2007/63-50-5.pdf', 2007),
(109, 'Моделювання гарантобезпечних траєкторій руху судна в морських судноплавних каналах', 11, 0.0000, 'http://lib.chdu.edu.ua/pdf/naukpraci/computer/2007/63-50-18.pdf', 2007),
(110, 'Вдосконалення структури алгоритмів ІАСУ промисловими підприємствами', 11, 0.0000, 'http://lib.chdu.edu.ua/pdf/naukpraci/computer/2007/63-50-19.pdf', 2007),
(111, 'Розробка системи управління навчального закладу на прикладі НаУКМА', 11, 0.0000, 'http://lib.chdu.edu.ua/pdf/naukpraci/computer/2007/63-50-22.pdf', 2007),
(112, 'Вирішення задач класифікації з використанням механізмів ідіотипічної мережі', 11, 0.0000, 'http://lib.chdu.edu.ua/pdf/naukpraci/computer/2007/63-50-14.pdf', 2007),
(113, 'Моделі геоінформаційної системи обліку й управління муніципальними земельними ресурсами', 11, 0.0000, 'http://lib.chdu.edu.ua/pdf/naukpraci/computer/2007/63-50-15.pdf', 2007),
(114, 'Фактори, що впливають на соціальний розвиток та територіальну організацію вищої освіти', 11, 0.0000, 'http://lib.chdu.edu.ua/pdf/naukpraci/computer/2007/63-50-23.pdf', 2007),
(115, 'Створення бази метаданих для комплексу моделей інформаційно-управляючих систем підприємства', 11, 0.0000, 'http://lib.chdu.edu.ua/pdf/naukpraci/computer/2007/63-50-20.pdf', 2007),
(116, 'Використання агентних технологій для представлення знань в інтелектуальних системах', 11, 0.0000, 'http://lib.chdu.edu.ua/pdf/naukpraci/computer/2007/63-50-13.pdf', 2007),
(117, 'Оцінювання і прогнозування стану малого підприємства за допомогою мережі Байєса', 11, 0.0000, 'http://lib.chdu.edu.ua/pdf/naukpraci/computer/2007/63-50-1.pdf', 2007),
(118, 'Математичні аспекти об’ємного шифрування', 11, 0.0000, 'http://lib.chdu.edu.ua/pdf/naukpraci/computer/2007/63-50-7.pdf', 2007),
(119, 'Системний підхід до оцінювання об’ємів інформації в локальних комп''ютерних мережах', 11, 0.0000, 'http://lib.chdu.edu.ua/pdf/naukpraci/computer/2007/63-50-8.pdf', 2007),
(120, 'Комп’ютеризована система контролю знань студентів', 11, 0.0000, 'http://lib.chdu.edu.ua/pdf/naukpraci/computer/2007/63-50-21.pdf', 2007),
(121, 'Дослідження ефективності методу групового урахування аргументів для задач аналізу та прогнозування соціально-економічних показників', 11, 0.0000, 'http://lib.chdu.edu.ua/pdf/naukpraci/computer/2007/63-50-4.pdf', 2007),
(122, 'Моделирование динамического состояния нефтяного месторождения', 11, 0.0000, 'http://lib.chdu.edu.ua/pdf/naukpraci/computer/2007/63-50-3.pdf', 2007),
(123, 'Вибір та дослідження ефективності алгоритмів Data Mining стосовно аналізу соціально-економічних показників', 11, 0.0000, 'http://lib.chdu.edu.ua/pdf/naukpraci/computer/2007/63-50-12.pdf', 2007),
(124, 'Застосування методу рекурентної апроксимації до задач визначення стійкості САУ', 11, 0.0000, 'http://lib.chdu.edu.ua/pdf/naukpraci/computer/2007/68-55-19.pdf', 2007),
(125, 'Дії над рядами Фур’є в нелінійних моделях поверхневих хвиль на воді', 11, 0.0000, 'http://lib.chdu.edu.ua/pdf/naukpraci/computer/2007/68-55-6.pdf', 2007),
(126, 'Задача багатокритеріальної апроксимації', 11, 0.0000, 'http://lib.chdu.edu.ua/pdf/naukpraci/computer/2007/68-55-11.pdf', 2007),
(127, 'Про створення GRID-системи у середовищі ALСHEMI', 11, 0.0000, 'http://lib.chdu.edu.ua/pdf/naukpraci/computer/2007/68-55-25.pdf', 2007),
(128, 'Технологічні аспекти інноваційного цілеспрямованого розвитку телекомунікаційного науково-освітнього простору', 11, 0.0000, 'http://lib.chdu.edu.ua/pdf/naukpraci/computer/2007/68-55-21.pdf', 2007),
(129, 'Створення та використання багатокомпонентної моделі компетенцій для професійного навчання', 11, 0.0000, 'http://lib.chdu.edu.ua/pdf/naukpraci/computer/2007/68-55-22.pdf', 2007),
(130, 'Побудова моделі часового ряду з детермінованим трендом', 11, 0.0000, 'http://lib.chdu.edu.ua/pdf/naukpraci/computer/2007/68-55-5.pdf', 2007),
(131, 'Дослідження ефективності алгоритмів DATA MINING стосовно пошуку закономірностей поведінки користувачів web-вузла', 11, 0.0000, 'http://lib.chdu.edu.ua/pdf/naukpraci/computer/2007/68-55-27.pdf', 2007),
(132, 'Система поддержки принятия решений при формировании плана медикаментозного лечения заболеваний сердца', 11, 0.0000, 'http://lib.chdu.edu.ua/pdf/naukpraci/computer/2007/68-55-17.pdf', 2007),
(133, 'Узагальнений алгоритм реалізації операцій нечіткої арифметики для множин з трикутною формою функцій належності', 11, 0.0000, 'http://lib.chdu.edu.ua/pdf/naukpraci/computer/2007/68-55-24.pdf', 2007),
(134, 'Методика нейромережного аналізу форм слів', 11, 0.0000, 'http://lib.chdu.edu.ua/pdf/naukpraci/computer/2007/68-55-14.pdf', 2007),
(135, 'Стратегія технологічного передбачення при моделюванні ринків телекомунікації', 11, 0.0000, 'http://lib.chdu.edu.ua/pdf/naukpraci/computer/2007/68-55-8.pdf', 2007),
(136, 'Інтелектуальний аналіз даних в 1С:8.0', 11, 0.0000, 'http://lib.chdu.edu.ua/pdf/naukpraci/computer/2007/68-55-18.pdf', 2007),
(137, 'Выбор средства имитационного моделирования для бюджетной системы Украины', 11, 0.0000, 'http://lib.chdu.edu.ua/pdf/naukpraci/computer/2007/68-55-3.pdf', 2007),
(138, 'Визначення кількості інформації, яку містить об’єкт, за допомогою обрахунку симетрій об’єкта', 11, 0.0000, 'http://lib.chdu.edu.ua/pdf/naukpraci/computer/2007/68-55-26.pdf', 2007),
(139, 'Використання алгоритму FDP для вирішення задачі проектування мережі комунікацій в двовимірному просторі', 11, 0.0000, 'http://lib.chdu.edu.ua/pdf/naukpraci/computer/2007/68-55-15.pdf', 2007),
(140, 'Формирование рациональной структуры сложных многоуровневых иерархических систем', 11, 0.0000, 'http://lib.chdu.edu.ua/pdf/naukpraci/computer/2007/68-55-4.pdf', 2007),
(141, 'Побудова матриці імпульсних перехідних функцій системи автоматичного регулювання з виродженнями в точці', 11, 0.0000, 'http://lib.chdu.edu.ua/pdf/naukpraci/computer/2007/68-55-20.pdf', 2007),
(142, 'Дослідження акустичного поля в міжтрубному просторі нафтових свердловин', 11, 0.0000, 'http://lib.chdu.edu.ua/pdf/naukpraci/computer/2007/68-55-7.pdf', 2007),
(143, 'Синтез структурованого програмного забезпечення для автоматизованого тестування знань', 11, 0.0000, 'http://lib.chdu.edu.ua/pdf/naukpraci/computer/2007/68-55-23.pdf', 2007),
(144, 'Застосування методів непараметричної статистики у медичних дослідженнях', 11, 0.0000, 'http://lib.chdu.edu.ua/pdf/naukpraci/computer/2007/68-55-10.pdf', 2007),
(145, 'Модифікований підхід рішення безперервної задачі k-медіан на основі імунного алгоритму', 11, 0.0000, 'http://lib.chdu.edu.ua/pdf/naukpraci/computer/2007/68-55-13.pdf', 2007),
(146, 'Можливості комплексного моделювання і прогнозування стану довкілля за допомогою системи GRASS', 11, 0.0000, 'http://lib.chdu.edu.ua/pdf/naukpraci/computer/2007/68-55-9.pdf', 2007),
(147, 'Оцінювання VaR та СVaR для квадратичного портфеля цінних паперів з факторами ризику, що розподілені за еліптичним законом', 11, 0.0000, 'http://lib.chdu.edu.ua/pdf/naukpraci/computer/2007/68-55-1.pdf', 2007),
(148, 'Системная технология выбора методов поддержки принятия решения', 11, 0.0000, 'http://lib.chdu.edu.ua/pdf/naukpraci/computer/2007/68-55-2.pdf', 2007),
(149, 'Застосування нечіткого логічного виводу із зваженою істинністю експертними комітетами', 11, 0.0000, 'http://lib.chdu.edu.ua/pdf/naukpraci/computer/2007/68-55-16.pdf', 2007),
(150, 'Методика побудови та застосування мереж Байєса', 11, 0.0000, 'http://lib.chdu.edu.ua/pdf/naukpraci/computer/2007/68-55-12.pdf', 2007),
(151, 'Вільний доступ до інформації: нова модель наукової комунікації в інформаційному суспільстві', 11, 0.0000, 'http://lib.chdu.edu.ua/pdf/naukpraci/computer/2007/68-55-28.pdf', 2007),
(152, 'Формальні моделі етапів життєвого циклу WEB-контенту', 11, 0.0000, 'http://lib.chdu.edu.ua/pdf/naukpraci/computer/2011/160-148-16.pdf', 2011),
(153, 'Аналіз та прогнозування стану підприємства на основі байєсівського методу', 11, 0.0000, 'http://lib.chdu.edu.ua/pdf/naukpraci/computer/2011/160-148-4.pdf', 2011),
(154, 'Порівняння якості мел- та барк-частотних кепстральних коефіцієнтів для параметризації мовних сигналів', 11, 0.0000, 'http://lib.chdu.edu.ua/pdf/naukpraci/computer/2011/160-148-25.pdf', 2011),
(155, 'Основні аспекти використання web-технологій при розробці архітектури мережевого ресурсу', 11, 0.0000, 'http://lib.chdu.edu.ua/pdf/naukpraci/computer/2011/160-148-17.pdf', 2011),
(156, 'Помилкове збільшення шляхів у класичній задачі комівояжера', 11, 0.0000, 'http://lib.chdu.edu.ua/pdf/naukpraci/computer/2011/160-148-27.pdf', 2011),
(157, 'Застосування інфекційних алгоритмів для побудови стереопар', 11, 0.0000, 'http://lib.chdu.edu.ua/pdf/naukpraci/computer/2011/160-148-15.pdf', 2011),
(158, 'Основные аспекты применения информационных технологий в задачах сценарного планирования', 11, 0.0000, 'http://lib.chdu.edu.ua/pdf/naukpraci/computer/2011/160-148-24.pdf', 2011),
(159, 'Роль стандартів у системах електронного навчання', 11, 0.0000, 'http://lib.chdu.edu.ua/pdf/naukpraci/computer/2011/160-148-19.pdf', 2011),
(160, 'Теоретичні основи мереж потоків', 11, 0.0000, 'http://lib.chdu.edu.ua/pdf/naukpraci/computer/2011/160-148-26.pdf', 2011),
(161, 'Моделювання полівимірювальних п’єзокерамічних комп’ютеризованих систем з автономними джерелами живлення', 11, 0.0000, 'http://lib.chdu.edu.ua/pdf/naukpraci/computer/2011/160-148-22.pdf', 2011),
(162, 'Зіставлення з шаблоном на базі поліномів Кунченка в демографічних даних', 11, 0.0000, 'http://lib.chdu.edu.ua/pdf/naukpraci/computer/2011/160-148-5.pdf', 2011),
(163, 'Еволюційна нейронна мережа з ядерними функціями активації й адаптивний алгоритм її навчання', 11, 0.0000, 'http://lib.chdu.edu.ua/pdf/naukpraci/computer/2011/160-148-8.pdf', 2011),
(164, 'Підвищення ступеня повноти систем у задачах нелінійного математичного програмування з обмеженнями нерівностями', 11, 1.0000, 'http://lib.chdu.edu.ua/pdf/naukpraci/computer/2011/160-148-6.pdf', 2011),
(165, 'Мережева система тестування знань', 11, 0.0000, 'http://lib.chdu.edu.ua/pdf/naukpraci/computer/2011/160-148-21.pdf', 2011),
(166, 'Розробка та дослідження алгоритмів інтелектуальної обробки текстів (text mining)', 11, 0.0000, 'http://lib.chdu.edu.ua/pdf/naukpraci/computer/2011/160-148-12.pdf', 2011),
(167, 'Синтез та тестування нечіткої СППР для супроводження процесів кредитування', 11, 0.0000, 'http://lib.chdu.edu.ua/pdf/naukpraci/computer/2011/160-148-13.pdf', 2011),
(168, 'Неієрархічна кластеризація звукових одиниць мовного сигналу', 11, 0.0000, 'http://lib.chdu.edu.ua/pdf/naukpraci/computer/2011/160-148-14.pdf', 2011),
(169, 'Нечітка логіка в задачах розпізнавання жестів', 11, 0.0000, 'http://lib.chdu.edu.ua/pdf/naukpraci/computer/2011/160-148-11.pdf', 2011),
(170, 'Огляд сучасного стану систем дистанційного навчання', 11, 0.0000, 'http://lib.chdu.edu.ua/pdf/naukpraci/computer/2011/160-148-23.pdf', 2011),
(171, 'Оценка качества программных продуктов с использованием теории Демпстера-Шейфера', 11, 0.0000, 'http://lib.chdu.edu.ua/pdf/naukpraci/computer/2011/160-148-3.pdf', 2011),
(172, 'Методика побудови ймовірнісних мережних моделей', 11, 0.0000, 'http://lib.chdu.edu.ua/pdf/naukpraci/computer/2011/160-148-1.pdf', 2011),
(173, 'Інформаційна модель підсистеми визначення якості надання освітніх послуг кафедрою університету', 11, 0.0000, 'http://lib.chdu.edu.ua/pdf/naukpraci/computer/2011/160-148-20.pdf', 2011),
(174, 'Система автоматического проектирования сети передачи данных', 11, 0.0000, 'http://lib.chdu.edu.ua/pdf/naukpraci/computer/2011/160-148-18.pdf', 2011),
(175, 'Нейромережеве відновлення пропусків у таблицях даних', 11, 0.0000, 'http://lib.chdu.edu.ua/pdf/naukpraci/computer/2011/160-148-9.pdf', 2011),
(176, 'Теоретико-ігрові моделі поведінки учасників контекстної рекламної', 11, 0.0000, 'http://lib.chdu.edu.ua/pdf/naukpraci/computer/2011/160-148-7.pdf', 2011),
(177, 'Системное оценивание взаимодействия и противодействия коалиций', 11, 0.0000, 'http://lib.chdu.edu.ua/pdf/naukpraci/computer/2011/160-148-2.pdf', 2011),
(178, 'Дослідження методу групового урахування аргументів для авторегресійних та дистрибутивно-лагових моделей', 11, 0.0000, 'http://lib.chdu.edu.ua/pdf/naukpraci/computer/2011/160-148-10.pdf', 2011),
(179, 'Засоби графічного процесору для ідентифікації форми долоні у тренажері української жестової мови', 11, 0.0000, 'http://lib.chdu.edu.ua/pdf/naukpraci/computer/2011/173-161-22.pdf', 2011),
(180, 'Сучасні методи аналізу експертних оцінок', 11, 0.0000, 'http://lib.chdu.edu.ua/pdf/naukpraci/computer/2011/173-161-1.pdf', 2011),
(181, 'Використання інформаційних технологій для підтримки прийняття рішень у туризмі', 11, 1.0000, 'http://lib.chdu.edu.ua/pdf/naukpraci/computer/2011/173-161-9.pdf', 2011),
(182, 'Дослідження алгоритмів moga і amga в задачах багатокритеріальної оптимізації та прийняття рішень', 11, 0.0000, 'http://lib.chdu.edu.ua/pdf/naukpraci/computer/2011/173-161-14.pdf', 2011),
(183, 'Інтеграція даних мережевого трафіку мультісервісної корпоративної мережі з класами постреляційної СКБД СAСHE', 11, 0.0000, 'http://lib.chdu.edu.ua/pdf/naukpraci/computer/2011/173-161-16.pdf', 2011),
(184, 'Удосконалювання підходів до комплексної автоматизації промислових виробництв', 11, 0.0000, 'http://lib.chdu.edu.ua/pdf/naukpraci/computer/2011/173-161-21.pdf', 2011),
(185, 'Підвищення якості регресійного моделювання технологічних процесів за допомогою кластерного аналізу', 11, 0.0000, 'http://lib.chdu.edu.ua/pdf/naukpraci/computer/2011/173-161-5.pdf', 2011),
(186, 'Програмний засіб розрахунку шихти з урахуванням економічного показника ефективності', 11, 0.0000, 'http://lib.chdu.edu.ua/pdf/naukpraci/computer/2011/173-161-23.pdf', 2011),
(187, 'Завадостійкість системи безпроводового зв’язку в каналах з просторово-часовим кодуванням', 11, 0.0000, 'http://lib.chdu.edu.ua/pdf/naukpraci/computer/2011/173-161-17.pdf', 2011),
(188, 'Парето-оптимальний вибір при формуванні портфеля замовлень ІТ-проектів', 11, 1.0000, 'http://lib.chdu.edu.ua/pdf/naukpraci/computer/2011/173-161-6.pdf', 2011),
(189, 'Моделювання та алгоритм оптимального керування процесом електронно-променевої обробки оптичних матеріалів', 11, 0.0000, 'http://lib.chdu.edu.ua/pdf/naukpraci/computer/2011/173-161-24.pdf', 2011),
(190, 'Концепція інформаційно-аналітичної системи підтримки прийняття рішень в інтенсивних технологіях аквакультури', 11, 0.0000, 'http://lib.chdu.edu.ua/pdf/naukpraci/computer/2011/173-161-11.pdf', 2011),
(191, 'Оцінка дискретної функції розсіяння точки спотвореного рухом зображення', 11, 0.0000, 'http://lib.chdu.edu.ua/pdf/naukpraci/computer/2011/173-161-10.pdf', 2011),
(192, 'Oцінювання страхових ризиків за математичними моделями у формі мереж Байєса', 11, 0.0000, 'http://lib.chdu.edu.ua/pdf/naukpraci/computer/2011/173-161-2.pdf', 2011),
(193, 'Модифікація внутрішньої структури мовного сигналу на основі функції відносної зміни тривалості', 11, 0.0000, 'http://lib.chdu.edu.ua/pdf/naukpraci/computer/2011/173-161-12.pdf', 2011),
(194, 'Впровадження системи аналізу та контролю компетентності фахівців високотехнологічних підприємств', 11, 0.0000, 'http://lib.chdu.edu.ua/pdf/naukpraci/computer/2011/173-161-18.pdf', 2011),
(195, 'Моделювання форм п’єзоелементів для полівимірювальних мономорфних п’єзокерамічних перетворювачів', 11, 0.0000, 'http://lib.chdu.edu.ua/pdf/naukpraci/computer/2011/173-161-3.pdf', 2011),
(196, 'Структура інформаційної системи моніторингу фінансової діяльності підприємства', 11, 0.0000, 'http://lib.chdu.edu.ua/pdf/naukpraci/computer/2011/173-161-20.pdf', 2011),
(197, 'Моніторинг розвитку дистанційного навчання в Україні', 11, 0.0000, 'http://lib.chdu.edu.ua/pdf/naukpraci/computer/2011/173-161-19.pdf', 2011),
(198, 'Адаптивний алгоритм самонавчання еволюційної нейронної мережі для аналізу головних підпросторів', 11, 0.0000, 'http://lib.chdu.edu.ua/pdf/naukpraci/computer/2011/173-161-8.pdf', 2011),
(199, 'Адаптивна інтелектуальна система керування на базі гібридної вейвлет-нейро-фаззі моделі', 11, 0.0000, 'http://lib.chdu.edu.ua/pdf/naukpraci/computer/2011/173-161-7.pdf', 2011),
(200, 'Алгоритм параметричної оптимізації термоакустичних систем з електромеханічним генератором', 11, 0.0000, 'http://lib.chdu.edu.ua/pdf/naukpraci/computer/2011/173-161-4.pdf', 2011),
(201, 'Нейромережевий метод визначення маси рідкого чавуну', 11, 1.0000, 'http://lib.chdu.edu.ua/pdf/naukpraci/computer/2011/173-161-13.pdf', 2011),
(202, 'Ідентифікація характеристик електроустаткування за допомогою вейвлет перетворення', 11, 0.0000, 'http://lib.chdu.edu.ua/pdf/naukpraci/computer/2011/173-161-25.pdf', 2011),
(203, 'Інформаційні технології для побудови і впровадження комп’ютерних систем електронного бізнесу', 11, 0.0000, 'http://lib.chdu.edu.ua/pdf/naukpraci/computer/2011/173-161-15.pdf', 2011),
(204, 'Інверсний підхід до комп’ютерного синтезу апріорних моделей початкової інформації в задачах класу TSP та СVRP', 11, 0.0000, 'http://lib.chdu.edu.ua/pdf/naukpraci/computer/2012/191-179-3.pdf', 2012),
(205, 'Побудова експертних систем з використанням байєсівських мереж довіри', 11, 0.0000, 'http://lib.chdu.edu.ua/pdf/naukpraci/computer/2012/191-179-12.pdf', 2012),
(206, 'Вибір аналітичної моделі закону розподілу часу напрацювання між відмовами пристроїв термінальної мережі', 11, 0.0000, 'http://lib.chdu.edu.ua/pdf/naukpraci/computer/2012/191-179-7.pdf', 2012),
(207, 'Роль інформаційних технологій у національному та світовому розвитку', 11, 0.0000, 'http://lib.chdu.edu.ua/pdf/naukpraci/computer/2012/191-179-24.pdf', 2012),
(208, 'Агентні обчислення', 11, 0.0000, 'http://lib.chdu.edu.ua/pdf/naukpraci/computer/2012/191-179-10.pdf', 2012),
(209, 'Моделювання низькоенергетичної стрічкової електронної гармати Пірса методом кінцевих елементів', 11, 0.0000, 'http://lib.chdu.edu.ua/pdf/naukpraci/computer/2012/191-179-4.pdf', 2012),
(210, 'Захист рекламної інтернет-кампанії від мережевого шахрайства', 11, 0.0000, 'http://lib.chdu.edu.ua/pdf/naukpraci/computer/2012/191-179-16.pdf', 2012),
(211, 'Комп’ютерне моделювання процесу навчання з використанням тестового контролю (аспекти розробки експертних систем)', 11, 0.0000, 'http://lib.chdu.edu.ua/pdf/naukpraci/computer/2012/191-179-23.pdf', 2012),
(212, 'Розробка вимірювальних систем з живленням елементів від енергії вимірювального сигналу', 11, 0.0000, 'http://lib.chdu.edu.ua/pdf/naukpraci/computer/2012/191-179-20.pdf', 2012),
(213, 'Структура веб-системи планування змін організаційної культури університету', 11, 1.0000, 'http://lib.chdu.edu.ua/pdf/naukpraci/computer/2012/191-179-17.pdf', 2012),
(214, 'Врахування компетентності експертів у методах багатокритеріального аналізу в задачах раціонального вибору', 11, 0.0000, 'http://lib.chdu.edu.ua/pdf/naukpraci/computer/2012/191-179-21.pdf', 2012),
(215, 'Методи і програмні засоби опрацювання інформаційних ресурсів систем електронної контент-комерції', 11, 0.0000, 'http://lib.chdu.edu.ua/pdf/naukpraci/computer/2012/191-179-18.pdf', 2012),
(216, 'Теоретичні засади проектування інтелектуалізованих відеосенсорів для АСУТП', 11, 1.0000, 'http://lib.chdu.edu.ua/pdf/naukpraci/computer/2012/191-179-22.pdf', 2012),
(217, 'Інформаційні технології локалізації і пошуку помилок у первинних та зведених демографічних даних', 11, 1.0000, 'http://lib.chdu.edu.ua/pdf/naukpraci/computer/2012/191-179-19.pdf', 2012),
(218, 'Оцінювання моделей стохастичної волатильності та УАРУГ на Java', 11, 0.0000, 'http://lib.chdu.edu.ua/pdf/naukpraci/computer/2012/191-179-2.pdf', 2012),
(219, 'Інструментарій розробки агентних платформ', 11, 0.0000, 'http://lib.chdu.edu.ua/pdf/naukpraci/computer/2012/191-179-9.pdf', 2012),
(220, 'Застосування методу Делфі для вирішення логістичної проблеми впровадження нових технологій', 11, 0.0000, 'http://lib.chdu.edu.ua/pdf/naukpraci/computer/2012/191-179-1.pdf', 2012),
(221, 'Дослідження нечітких нейронних мереж для прогнозування швидкозмінних нестаціонарних часових рядів', 11, 0.0000, 'http://lib.chdu.edu.ua/pdf/naukpraci/computer/2012/191-179-14.pdf', 2012),
(222, 'Серендипові скінченні елементи: фізична адекватність', 11, 0.0000, 'http://lib.chdu.edu.ua/pdf/naukpraci/computer/2012/191-179-6.pdf', 2012),
(223, 'Управління знаннями', 11, 0.0000, 'http://lib.chdu.edu.ua/pdf/naukpraci/computer/2012/191-179-13.pdf', 2012),
(224, 'Оптимізація економічних показників комплексної логістики при максимальному збагаченні у часі', 11, 1.0000, 'http://lib.chdu.edu.ua/pdf/naukpraci/computer/2012/191-179-5.pdf', 2012),
(225, 'Про вільні коливання гофрованих циліндричних оболонок змінної товщини', 11, 0.0000, 'http://lib.chdu.edu.ua/pdf/naukpraci/computer/2012/191-179-8.pdf', 2012),
(226, 'Коригування експертної інформації при автоматизації процесів прийняття рішень на основі ідентифікації прихованих впливів', 11, 0.0000, 'http://lib.chdu.edu.ua/pdf/naukpraci/computer/2006/57-44-8.pdf', 2006),
(227, 'Синхронізація оновлення даних в гетерогенних інформаційних системах', 11, 0.0000, 'http://lib.chdu.edu.ua/pdf/naukpraci/computer/2006/57-44-3.pdf', 2006),
(228, 'Фактори, що впливають на соціальний розвиток та територіальну організацію вищої освіти', 11, 0.0000, 'http://lib.chdu.edu.ua/pdf/naukpraci/computer/2006/57-44-21.pdf', 2006),
(229, 'Використання агентних технологій для представлення знань в інтелектуальних системах', 11, 0.0000, 'http://lib.chdu.edu.ua/pdf/naukpraci/computer/2006/57-44-11.pdf', 2006),
(230, 'Застосування апарату оптимізації параметрів стохастичного процесу у розв’язанні задач усталеності технологічного процесу', 11, 0.0000, 'http://lib.chdu.edu.ua/pdf/naukpraci/computer/2006/57-44-7.pdf', 2006),
(231, 'Вдосконалення структури алгоритмів ІАСУ промисловими підприємствами', 11, 0.0000, 'http://lib.chdu.edu.ua/pdf/naukpraci/computer/2006/57-44-17.pdf', 2006),
(232, 'Моделювання гарантобезпечних траєкторій руху судна в морських судноплавних каналах', 11, 0.0000, 'http://lib.chdu.edu.ua/pdf/naukpraci/computer/2006/57-44-16.pdf', 2006),
(233, 'Дослідження ефективності методу групового урахування аргументів для задач аналізу та прогнозування соціально-економічних показників', 11, 0.0000, 'http://lib.chdu.edu.ua/pdf/naukpraci/computer/2006/57-44-6.pdf', 2006),
(234, 'Математичні аспекти об’ємного шифрування', 11, 0.0000, 'http://lib.chdu.edu.ua/pdf/naukpraci/computer/2006/57-44-4.pdf', 2006),
(235, 'Моделирование динамического состояния нефтяного месторождения', 11, 0.0000, 'http://lib.chdu.edu.ua/pdf/naukpraci/computer/2006/57-44-5.pdf', 2006),
(236, 'Розробка системи управління навчального закладу на прикладі НаУКМА', 11, 0.0000, 'http://lib.chdu.edu.ua/pdf/naukpraci/computer/2006/57-44-20.pdf', 2006),
(237, 'Комп’ютеризована система контролю знань студентів', 11, 0.0000, 'http://lib.chdu.edu.ua/pdf/naukpraci/computer/2006/57-44-19.pdf', 2006),
(238, 'Особливості синтезу регуляторів на базі розв’язку задачі адекватного наближення моделі', 11, 0.0000, 'http://lib.chdu.edu.ua/pdf/naukpraci/computer/2006/57-44-15.pdf', 2006),
(239, 'Информационная технология генерации альтернативных стохастических графов', 11, 0.0000, 'http://lib.chdu.edu.ua/pdf/naukpraci/computer/2006/57-44-2.pdf', 2006),
(240, 'Створення бази метаданих для комплексу моделей інформаційно-управляючих систем підприємства', 11, 0.0000, 'http://lib.chdu.edu.ua/pdf/naukpraci/computer/2006/57-44-18.pdf', 2006),
(241, 'Використання алгоритму А* для знаходження найкоротшого шляху в просторі з обмеженнями', 11, 0.0000, 'http://lib.chdu.edu.ua/pdf/naukpraci/computer/2006/57-44-9.pdf', 2006),
(242, 'Вирішення задач класифікації з використанням механізмів ідіотипічної мережі', 11, 0.0000, 'http://lib.chdu.edu.ua/pdf/naukpraci/computer/2006/57-44-12.pdf', 2006),
(243, 'Оцінювання і прогнозування стану малого підприємства за допомогою мережі Байєса', 11, 0.0000, 'http://lib.chdu.edu.ua/pdf/naukpraci/computer/2006/57-44-1.pdf', 2006),
(244, 'Вибір та дослідження ефективності алгоритмів Data Mining стосовно аналізу соціально-економічних показників', 11, 0.0000, 'http://lib.chdu.edu.ua/pdf/naukpraci/computer/2006/57-44-10.pdf', 2006),
(245, 'Підвищення точності представлення картографічних даних шляхом переходу до еліпсоїдальних електронних карт', 11, 0.0000, 'http://lib.chdu.edu.ua/pdf/naukpraci/computer/2006/57-44-14.pdf', 2006),
(246, 'Моделі геоінформаційної системи обліку й управління муніципальними земельними ресурсами', 11, 0.0000, 'http://lib.chdu.edu.ua/pdf/naukpraci/computer/2006/57-44-13.pdf', 2006),
(247, 'Функціонально зв’язана багатовимірна вейвлет-нейро-фаззі система для обробки хаотичних часових рядів', 11, 0.0000, 'http://lib.chdu.edu.ua/pdf/naukpraci/computer/2010/143-130-11.pdf', 2010),
(248, 'Туризм як соціо-еколого-економічна система', 11, 0.0000, 'http://lib.chdu.edu.ua/pdf/naukpraci/computer/2010/143-130-7.pdf', 2010),
(249, 'Выявление критических технологий развития региона АР Крым', 11, 0.0000, 'http://lib.chdu.edu.ua/pdf/naukpraci/computer/2010/143-130-4.pdf', 2010),
(250, 'Електронні портфоліо: стан справ та перспективи розвитку', 11, 0.0000, 'http://lib.chdu.edu.ua/pdf/naukpraci/computer/2010/143-130-16.pdf', 2010),
(251, 'Принятие решений по многим критериям при неполных экспертных оценках на базе метода анализа иерархий (МАИ) и теории Демпстера-Шафера', 11, 0.0000, 'http://lib.chdu.edu.ua/pdf/naukpraci/computer/2010/143-130-1.pdf', 2010),
(252, 'Планування й розвиток кадрового потенціалу в регіоні', 11, 0.0000, 'http://lib.chdu.edu.ua/pdf/naukpraci/computer/2010/143-130-23.pdf', 2010),
(253, 'Управління електрогідроімпульсною установкою для запресовки труб і задачі її автоматизації', 11, 0.0000, 'http://lib.chdu.edu.ua/pdf/naukpraci/computer/2010/143-130-22.pdf', 2010),
(254, 'Розвиток інформаційних технологій обробки цифрових трасерних зображень', 11, 0.0000, 'http://lib.chdu.edu.ua/pdf/naukpraci/computer/2010/143-130-14.pdf', 2010),
(255, 'Аналіз методів та засобів опрацювання текстової інформації в системах управління контентом', 11, 0.0000, 'http://lib.chdu.edu.ua/pdf/naukpraci/computer/2010/143-130-17.pdf', 2010),
(256, 'Імплементація ядра AСIS в САПР ДЕЙМОС для забезпечення файлообміну за міжнародними форматами SAT та IGES', 11, 0.0000, 'http://lib.chdu.edu.ua/pdf/naukpraci/computer/2010/143-130-21.pdf', 2010),
(257, 'Организация выбора вариантов реинжениринга нформационных систем для предприятия теплоснабжения', 11, 0.0000, 'http://lib.chdu.edu.ua/pdf/naukpraci/computer/2010/143-130-20.pdf', 2010),
(258, 'Інформаційна система підтримки прийняття рішень на основі інтегрованого підходу для аналізу фінансового стану підприємства', 11, 1.0000, 'http://lib.chdu.edu.ua/pdf/naukpraci/computer/2010/143-130-8.pdf', 2010),
(259, 'До реалізації інструментарію дослідження хаотичної та регулярної поведінки динамічних систем і реконструкції оператора еволюції динамічних систем', 11, 0.0000, 'http://lib.chdu.edu.ua/pdf/naukpraci/computer/2010/143-130-3.pdf', 2010),
(260, 'Динамічний підхід до аналізу та моделювання інформаційних ієрархічних структур', 11, 0.0000, 'http://lib.chdu.edu.ua/pdf/naukpraci/computer/2010/143-130-5.pdf', 2010),
(261, 'Структурно-параметричний синтез колективів вейвлет-нейронних мереж для розв’язання задач ідентифікації географічного походження коноплі на основі даних мас-спектрометрії', 11, 0.0000, 'http://lib.chdu.edu.ua/pdf/naukpraci/computer/2010/143-130-15.pdf', 2010),
(262, 'Задачі прийняття рішень в умовах ризику і невизначеності', 11, 0.0000, 'http://lib.chdu.edu.ua/pdf/naukpraci/computer/2010/143-130-26.pdf', 2010),
(263, 'Методи формування електронних підручників за ключовими словами із заданим граничним розміром', 11, 0.0000, 'http://lib.chdu.edu.ua/pdf/naukpraci/computer/2010/143-130-19.pdf', 2010),
(264, 'Оптимальний момент виконання опціону американського типу', 11, 0.0000, 'http://lib.chdu.edu.ua/pdf/naukpraci/computer/2010/143-130-10.pdf', 2010),
(265, 'Моделирование решения главных проблем г. Севастополь на основе методологии предвидения', 11, 0.0000, 'http://lib.chdu.edu.ua/pdf/naukpraci/computer/2010/143-130-6.pdf', 2010),
(266, 'Аналіз систем онлайн документообігу', 11, 0.0000, 'http://lib.chdu.edu.ua/pdf/naukpraci/computer/2010/143-130-18.pdf', 2010),
(267, 'Алгоритм розподілу обмежених ресурсів', 11, 0.0000, 'http://lib.chdu.edu.ua/pdf/naukpraci/computer/2010/143-130-9.pdf', 2010),
(268, 'Еволюційна каскадна радіально-базисна нейронна мережа на основі багатовимірних ядер Єпанечникова', 11, 0.0000, 'http://lib.chdu.edu.ua/pdf/naukpraci/computer/2010/143-130-12.pdf', 2010),
(269, 'Об’єктна модель програмного забезпечення інформаційної системи контролю перевезення рідкого чавуну', 11, 0.0000, 'http://lib.chdu.edu.ua/pdf/naukpraci/computer/2010/143-130-25.pdf', 2010),
(270, 'Побудова пошукового робота україномовних наукових матеріалів', 11, 0.0000, 'http://lib.chdu.edu.ua/pdf/naukpraci/computer/2010/143-130-13.pdf', 2010),
(271, 'Побудова моделі структури текстильного пакування', 11, 0.0000, 'http://lib.chdu.edu.ua/pdf/naukpraci/computer/2010/143-130-24.pdf', 2010),
(272, 'Моделі ціноутворення на валютному ринку для прогнозування руху ціни відносно заданого рівня', 11, 1.0000, 'http://lib.chdu.edu.ua/pdf/naukpraci/computer/2010/143-130-2.pdf', 2010),
(273, 'Основні сутності розподіленої системи моделювання дорожнього руху та їх формальні моделі', 11, 0.0000, 'http://lib.chdu.edu.ua/pdf/naukpraci/computer/2010/134-121-5.pdf', 2010),
(274, 'Оцінювання часової структури станів позичальників банків за марковськими ланцюгами', 11, 0.0000, 'http://lib.chdu.edu.ua/pdf/naukpraci/computer/2010/134-121-3.pdf', 2010),
(275, 'Система для оцінювання і прогнозування стану підприємства на основі мереж Байєса', 11, 0.0000, 'http://lib.chdu.edu.ua/pdf/naukpraci/computer/2010/134-121-6.pdf', 2010),
(276, 'Проблеми побудови інформаційного простору в сучасному суспільстві', 11, 0.0000, 'http://lib.chdu.edu.ua/pdf/naukpraci/computer/2010/134-121-23.pdf', 2010),
(277, 'Aгенти для рекомендацій у колаборативних середовищах', 11, 0.0000, 'http://lib.chdu.edu.ua/pdf/naukpraci/computer/2010/134-121-15.pdf', 2010),
(278, 'Розробка адаптивної системи управління високовольтним пристроєм для очистки лиття на базі нейро-нечіткого регулятора', 11, 0.0000, 'http://lib.chdu.edu.ua/pdf/naukpraci/computer/2010/134-121-12.pdf', 2010),
(279, 'Застосування еталонного методу агрегування оптимальних оцінок у задачах багатокритеріальної оптимізації', 11, 0.0000, 'http://lib.chdu.edu.ua/pdf/naukpraci/computer/2010/134-121-16.pdf', 2010),
(280, 'Учетные и аналитические информационные системы в области статистики населения', 11, 0.0000, 'http://lib.chdu.edu.ua/pdf/naukpraci/computer/2010/134-121-25.pdf', 2010),
(281, 'Модель поведінки зловмисників при розміщенні інтернет-реклами із схемою оплати за тисячу показів', 11, 0.0000, 'http://lib.chdu.edu.ua/pdf/naukpraci/computer/2010/134-121-24.pdf', 2010),
(282, 'Спеціалізована комп’ютерна система для планування і оптимізації маршрутів при транспортуванні рідинних вантажів', 11, 0.0000, 'http://lib.chdu.edu.ua/pdf/naukpraci/computer/2010/134-121-11.pdf', 2010),
(283, 'Дослідження використання нейронних мереж та асоціативної машини для задач класифікації несправностей приладів 125_Toс229843328', 11, 0.0000, 'http://lib.chdu.edu.ua/pdf/naukpraci/computer/2010/134-121-13.pdf', 2010),
(284, 'Формалізація визначення циклів у траспортній задачі за методом потенціалів', 11, 0.0000, 'http://lib.chdu.edu.ua/pdf/naukpraci/computer/2010/134-121-26.pdf', 2010),
(285, 'Особливості застосування генетичних алгоритмів у задачах прогнозування', 11, 0.0000, 'http://lib.chdu.edu.ua/pdf/naukpraci/computer/2010/134-121-14.pdf', 2010),
(286, 'Побудова диференційних моделей у релятивістській фізиці', 11, 0.0000, 'http://lib.chdu.edu.ua/pdf/naukpraci/computer/2010/134-121-7.pdf', 2010),
(287, 'Проблеми координації в розподілених обчисленнях', 11, 0.0000, 'http://lib.chdu.edu.ua/pdf/naukpraci/computer/2010/134-121-19.pdf', 2010),
(288, 'Побудова штучних імунних систем', 11, 0.0000, 'http://lib.chdu.edu.ua/pdf/naukpraci/computer/2010/134-121-18.pdf', 2010),
(289, 'Байєсівські мережі в технологіях інтелектуального аналізу даних', 11, 0.0000, 'http://lib.chdu.edu.ua/pdf/naukpraci/computer/2010/134-121-1.pdf', 2010),
(290, 'Ітераційний метод оптимізації дискретних задач математичного програмування з лінійними нерівностями', 11, 0.0000, 'http://lib.chdu.edu.ua/pdf/naukpraci/computer/2010/134-121-9.pdf', 2010),
(291, 'Моделі процесів адаптивного навчання', 11, 0.0000, 'http://lib.chdu.edu.ua/pdf/naukpraci/computer/2010/134-121-4.pdf', 2010),
(292, 'Системне планування розвитку туристичної галузі Тернопільської області', 11, 0.0000, 'http://lib.chdu.edu.ua/pdf/naukpraci/computer/2010/134-121-2.pdf', 2010),
(293, 'Дослідження продуктивності файлообміну за протоколкм p2p та розробка програмного забезпечення торрент-трекера для сервера мережі', 11, 0.0000, 'http://lib.chdu.edu.ua/pdf/naukpraci/computer/2010/134-121-21.pdf', 2010),
(294, 'Место и роль семиотики в решении проблем организации управления и информационных технологий', 11, 0.0000, 'http://lib.chdu.edu.ua/pdf/naukpraci/computer/2010/134-121-20.pdf', 2010),
(295, 'Моделювання гетерогенних М2М мереж для промислових об’єктів', 11, 0.0000, 'http://lib.chdu.edu.ua/pdf/naukpraci/computer/2010/134-121-17.pdf', 2010),
(296, 'Гидродинамическая задача о колебаниях подводного аппарата', 11, 0.0000, 'http://lib.chdu.edu.ua/pdf/naukpraci/computer/2010/134-121-8.pdf', 2010),
(297, 'Використання методу рангових решіток у дослідженнях соціальних проблем', 11, 0.0000, 'http://lib.chdu.edu.ua/pdf/naukpraci/computer/2010/134-121-22.pdf', 2010),
(298, 'Частотна фільтрація набору на основі квантування параметрів моделей представлення зображень', 11, 0.0000, 'http://lib.chdu.edu.ua/pdf/naukpraci/computer/2010/134-121-10.pdf', 2010),
(299, 'Поліметрична комп’ютеризована система моніторингу та автоматичного керування рівнем завантаженості піролізного реактора комплексу екопірогенезісу', 11, 0.0000, 'http://lib.chdu.edu.ua/pdf/naukpraci/computer/2013/213-201-7.pdf', 2013),
(300, 'Байєсівське оцінювання параметрів узагальнених лінійних моделей', 11, 0.0000, 'http://lib.chdu.edu.ua/pdf/naukpraci/computer/2013/213-201-2.pdf', 2013),
(301, 'Інформаційна технологія для оцінки функцій належності нечітких множин на основі операторів t-норм та s-норм', 11, 0.0000, 'http://lib.chdu.edu.ua/pdf/naukpraci/computer/2013/213-201-8.pdf', 2013),
(302, 'SIR-модель епідемії в ізольованому анклаві', 11, 0.0000, 'http://lib.chdu.edu.ua/pdf/naukpraci/computer/2013/213-201-20.pdf', 2013);
INSERT INTO `Article` (`articleId`, `name`, `categoryId`, `index`, `file`, `year`) VALUES
(303, 'Визначення довірчих інтервалів статистичних моментів часу напрацювання між відмовами пристроїв термінальної мережі', 11, 0.0000, 'http://lib.chdu.edu.ua/pdf/naukpraci/computer/2013/213-201-13.pdf', 2013),
(304, 'О «мягком» моделировании биквадратического ССЕ', 11, 0.0000, 'http://lib.chdu.edu.ua/pdf/naukpraci/computer/2013/213-201-18.pdf', 2013),
(305, 'Принципи формування колективної інтегральної оцінки в автоматизованій веб-системі підтримки планування розвитку університету', 11, 0.0000, 'http://lib.chdu.edu.ua/pdf/naukpraci/computer/2013/213-201-4.pdf', 2013),
(306, 'Использование средств информационных технологий для формирования решений в судоремонте', 11, 0.0000, 'http://lib.chdu.edu.ua/pdf/naukpraci/computer/2013/213-201-15.pdf', 2013),
(307, 'Использование средств информационных технологий для формирования решений в судоремонте', 11, 0.0000, 'http://lib.chdu.edu.ua/pdf/naukpraci/computer/2013/213-201-14.pdf', 2013),
(308, 'Методика вейвлет-аналізу біомедичних сигналів засобами системи комп’ютерної математики MAPLE', 11, 0.0000, 'http://lib.chdu.edu.ua/pdf/naukpraci/computer/2013/213-201-19.pdf', 2013),
(309, 'Єдина база даних громадян регіону', 11, 0.0000, 'http://lib.chdu.edu.ua/pdf/naukpraci/computer/2013/213-201-16.pdf', 2013),
(310, 'Байєсівське оцінювання параметрів узагальнених лінійних моделей', 11, 0.0000, 'http://lib.chdu.edu.ua/pdf/naukpraci/computer/2013/213-201-1.pdf', 2013),
(311, 'Iнформаційно-аналітична система для адаптивного прогнозування фінансових процесів та оцінювання ризиків', 11, 0.0000, 'http://lib.chdu.edu.ua/pdf/naukpraci/computer/2013/213-201-9.pdf', 2013),
(312, 'Особливості топології динамічних мереж Байєса', 11, 0.0000, 'http://lib.chdu.edu.ua/pdf/naukpraci/computer/2013/213-201-5.pdf', 2013),
(313, 'Виявлення хаосу в реалізаціях нелінійних динамічних систем та псевдофазова реконструкція їх атракторів', 11, 0.0000, 'http://lib.chdu.edu.ua/pdf/naukpraci/computer/2013/213-201-21.pdf', 2013),
(314, 'Моделювання систем автоматичного керування електроприводами за допомогою z-форм', 11, 0.0000, 'http://lib.chdu.edu.ua/pdf/naukpraci/computer/2013/213-201-6.pdf', 2013),
(315, 'Створення OLAP-кубів в об’єктно-орієнтованих СКБД за допомогою алгоритму DWARF', 11, 0.0000, 'http://lib.chdu.edu.ua/pdf/naukpraci/computer/2013/213-201-17.pdf', 2013),
(316, 'Закони потоків мереж при максимальному збагаченні в часі', 11, 0.0000, 'http://lib.chdu.edu.ua/pdf/naukpraci/computer/2013/213-201-11.pdf', 2013),
(317, 'Дослідження адаптивних методів прогнозування нестаціонарних часових рядів', 11, 0.0000, 'http://lib.chdu.edu.ua/pdf/naukpraci/computer/2013/213-201-10.pdf', 2013),
(318, 'Метод озвучення математичних формул та символів українською мовою', 11, 0.0000, 'http://lib.chdu.edu.ua/pdf/naukpraci/computer/2013/213-201-3.pdf', 2013),
(319, 'Розробка способу пошуку та системи його реалізації для розподілених комп’ютерних систем', 11, 0.0000, 'http://lib.chdu.edu.ua/pdf/naukpraci/computer/2013/213-201-12.pdf', 2013),
(320, 'Розробка агентної платформи з використанням технології Windows Сommuniсation Foundation', 11, 0.0000, 'http://lib.chdu.edu.ua/pdf/naukpraci/computer/2009/106-93-12.pdf', 2009),
(321, 'Оценивание сценариев в задачах качественного анализа стоимостных показателей постройки судов', 11, 0.0000, 'http://lib.chdu.edu.ua/pdf/naukpraci/computer/2009/106-93-3.pdf', 2009),
(322, 'RSA та його оптимізація', 11, 0.0000, 'http://lib.chdu.edu.ua/pdf/naukpraci/computer/2009/106-93-11.pdf', 2009),
(323, 'Вибір засобів апаратно-програмного комплексу обчислювальних мереж на основі нечітких моделей', 11, 0.0000, 'http://lib.chdu.edu.ua/pdf/naukpraci/computer/2009/106-93-16.pdf', 2009),
(324, 'Методологія синтезу колективу радіально- базисних мереж для розв’язання задач класифікації за допомогою алгоритму клонального відбору', 11, 0.0000, 'http://lib.chdu.edu.ua/pdf/naukpraci/computer/2009/106-93-15.pdf', 2009),
(325, 'Впровадження системи електронного навчання на основі інформаційних технологій у Тернопільському державному медичному університеті імені І.Я. Горбачевського', 11, 0.0000, 'http://lib.chdu.edu.ua/pdf/naukpraci/computer/2009/106-93-22.pdf', 2009),
(326, 'Пріоритезація тестів як метод швидкого виявлення серйозних помилок', 11, 0.0000, 'http://lib.chdu.edu.ua/pdf/naukpraci/computer/2009/106-93-14.pdf', 2009),
(327, 'Дослідження керованості лінійних нестаціонарних систем', 11, 1.0000, 'http://lib.chdu.edu.ua/pdf/naukpraci/computer/2009/106-93-21.pdf', 2009),
(328, 'Оценивание статистических характеристик вероятностных распределений малых выборок данных', 11, 0.0000, 'http://lib.chdu.edu.ua/pdf/naukpraci/computer/2009/106-93-4.pdf', 2009),
(329, 'Сучасний підхід до моделювання в’їзних потоків у туризмі', 11, 0.0000, 'http://lib.chdu.edu.ua/pdf/naukpraci/computer/2009/106-93-6.pdf', 2009),
(330, 'Метод адаптування ймовірнісної Байєсівської моделі до статистичних даних', 11, 1.0000, 'http://lib.chdu.edu.ua/pdf/naukpraci/computer/2009/106-93-1.pdf', 2009),
(331, 'Дослідження методів статистичного та інтелектуального аналізу для авторегресійних моделей', 11, 0.0000, 'http://lib.chdu.edu.ua/pdf/naukpraci/computer/2009/106-93-7.pdf', 2009),
(332, 'СППР для ефективного управління ризиками при роздрібному кредитуванні', 11, 0.0000, 'http://lib.chdu.edu.ua/pdf/naukpraci/computer/2009/106-93-8.pdf', 2009),
(333, 'Сучасна парадигма технологій керування перспективними комплексами керування', 11, 0.0000, 'http://lib.chdu.edu.ua/pdf/naukpraci/computer/2009/106-93-19.pdf', 2009),
(334, 'Моделі ризиків у проектах зі створення програмного забезпечення', 11, 0.0000, 'http://lib.chdu.edu.ua/pdf/naukpraci/computer/2009/106-93-13.pdf', 2009),
(335, 'Розробка та дослідження нейронних мереж для надання банківських послуг', 11, 0.0000, 'http://lib.chdu.edu.ua/pdf/naukpraci/computer/2009/106-93-18.pdf', 2009),
(336, 'Симетрійний аналіз систем диференціальних рівнянь у частинних похідних за допомогою математичного пакету Maple 11', 11, 0.0000, 'http://lib.chdu.edu.ua/pdf/naukpraci/computer/2009/106-93-10.pdf', 2009),
(337, 'Дослідження нейромережевих методів у задачах прогнозування', 11, 0.0000, 'http://lib.chdu.edu.ua/pdf/naukpraci/computer/2009/106-93-17.pdf', 2009),
(338, 'Складні типи невизначеностей у моделях економічної динаміки', 11, 0.0000, 'http://lib.chdu.edu.ua/pdf/naukpraci/computer/2009/106-93-9.pdf', 2009),
(339, 'Оцінки економічних показників в умовах мультиплікативних та адитивних завад', 11, 0.0000, 'http://lib.chdu.edu.ua/pdf/naukpraci/computer/2009/106-93-2.pdf', 2009),
(340, 'Розробка та інтеграція автоматизованого практикуму з програмування в портал проекту JEP_26195_2005', 11, 0.0000, 'http://lib.chdu.edu.ua/pdf/naukpraci/computer/2009/106-93-23.pdf', 2009),
(341, 'Алгоритми формування інвестиційного портфеля та визначення часток активів в інвестиційному капіталі', 11, 0.0000, 'http://lib.chdu.edu.ua/pdf/naukpraci/computer/2009/106-93-5.pdf', 2009),
(342, 'Синтез на основі теорії поля математичних моделей магніточутливих датчиків адаптивних роботів', 11, 0.0000, 'http://lib.chdu.edu.ua/pdf/naukpraci/computer/2009/106-93-20.pdf', 2009),
(343, 'Дослідження збіжності розв’язків задач нелінійного програмування та оптимального проектування', 11, 0.0000, 'http://lib.chdu.edu.ua/pdf/naukpraci/computer/2009/117-104-7.pdf', 2009),
(344, 'Исследование влияния пористости на теплофизические свойства железорудных материалов с использованием нечетких алгоритмов', 11, 0.0000, 'http://lib.chdu.edu.ua/pdf/naukpraci/computer/2009/117-104-13.pdf', 2009),
(345, 'Експертна система для металлографічного аналізу якості металів', 11, 0.0000, 'http://lib.chdu.edu.ua/pdf/naukpraci/computer/2009/117-104-22.pdf', 2009),
(346, 'Дослідження впливу метеорологічних параметрів атмосфери на радіотезнічні методи виміру координат', 11, 0.0000, 'http://lib.chdu.edu.ua/pdf/naukpraci/computer/2009/117-104-4.pdf', 2009),
(347, 'Деякі задачі підготовки й прийняття колективних рішень', 11, 0.0000, 'http://lib.chdu.edu.ua/pdf/naukpraci/computer/2009/117-104-15.pdf', 2009),
(348, 'Інтелектуальна розробка даних на основі гібридної вейвлет-нейро-фаззі на адаптивних W-нейронах', 11, 0.0000, 'http://lib.chdu.edu.ua/pdf/naukpraci/computer/2009/117-104-9.pdf', 2009),
(349, 'Метод вдосконалення покрокової оптимізації систем керування в умовах невизначеності', 11, 0.0000, 'http://lib.chdu.edu.ua/pdf/naukpraci/computer/2009/117-104-17.pdf', 2009),
(350, 'Дослідження алгоритмів навчання нейронних мереж в задачах прогнозування', 11, 0.0000, 'http://lib.chdu.edu.ua/pdf/naukpraci/computer/2009/117-104-16.pdf', 2009),
(351, 'Використання методології VAR для ризик-менеджменту', 11, 0.0000, 'http://lib.chdu.edu.ua/pdf/naukpraci/computer/2009/117-104-3.pdf', 2009),
(352, 'Дослідження збіжності імунних алгоритмів', 11, 0.0000, 'http://lib.chdu.edu.ua/pdf/naukpraci/computer/2009/117-104-14.pdf', 2009),
(353, 'Методи лінійного програмування в задачах формування портфеля фінансових фнструментів', 11, 0.0000, 'http://lib.chdu.edu.ua/pdf/naukpraci/computer/2009/117-104-6.pdf', 2009),
(354, 'Наближені методи фомування ймовірнісного висновку та їх модифікація для гібридних мереж Байєса', 11, 0.0000, 'http://lib.chdu.edu.ua/pdf/naukpraci/computer/2009/117-104-2.pdf', 2009),
(355, 'Метод розв’язання задачі управління проектами модернізації техніки на основі імунних алгоритмів', 11, 0.0000, 'http://lib.chdu.edu.ua/pdf/naukpraci/computer/2009/117-104-18.pdf', 2009),
(356, 'Методи та засоби опрацювання інформаційних ресурсів систем електронної контент-комерції', 11, 0.0000, 'http://lib.chdu.edu.ua/pdf/naukpraci/computer/2009/117-104-19.pdf', 2009),
(357, 'Розробка СППР на основі методології системного аналізу та стратегічного менеджменту концерну «УкрГаз»', 11, 0.0000, 'http://lib.chdu.edu.ua/pdf/naukpraci/computer/2009/117-104-1.pdf', 2009),
(358, 'Інтелектуальна система аналізу кадрового забезпечення кафедри', 11, 0.0000, 'http://lib.chdu.edu.ua/pdf/naukpraci/computer/2009/117-104-21.pdf', 2009),
(359, 'Дослідження шляхів покращення навчання штучних нейронних мереж для задач розпізнавання образів', 11, 0.0000, 'http://lib.chdu.edu.ua/pdf/naukpraci/computer/2009/117-104-11.pdf', 2009),
(360, 'Використання характеристик енергетичної теорії моделей стохастичних сигналів для вирішення задачі суміщення однотипних зображень в наборі', 11, 0.0000, 'http://lib.chdu.edu.ua/pdf/naukpraci/computer/2009/117-104-5.pdf', 2009),
(361, 'Побудова системи адаптивного прогнозування фінансово-економічних процесів та її застосування', 11, 0.0000, 'http://lib.chdu.edu.ua/pdf/naukpraci/computer/2009/117-104-12.pdf', 2009),
(362, 'Використання методу «патерн» для вирішення задач багатокритеріального вибору та оцінювання', 11, 0.0000, 'http://lib.chdu.edu.ua/pdf/naukpraci/computer/2009/117-104-8.pdf', 2009),
(363, 'Відновлення функціональних залежностей на основі нейро-фаззі підходу в процесі послідовної обробки інформації', 11, 0.0000, 'http://lib.chdu.edu.ua/pdf/naukpraci/computer/2009/117-104-10.pdf', 2009),
(364, 'Методи та розділи математичної лінгвістики в структурі курсу «комп’ютерна лінгвістика»', 11, 0.0000, 'http://lib.chdu.edu.ua/pdf/naukpraci/computer/2009/117-104-20.pdf', 2009),
(365, 'Проектування та оцінка оптимальності структури сховища даних та багатовимірної БД', 11, 0.0000, 'http://lib.chdu.edu.ua/pdf/naukpraci/computer/2008/90-77-23.pdf', 2008),
(366, 'До створення засобів і систем неруйнівного контролю та технічного діагностування', 11, 0.0000, 'http://lib.chdu.edu.ua/pdf/naukpraci/computer/2008/90-77-6.pdf', 2008),
(367, 'Використання нейромережевих методів у задачах фінансового менеджменту', 11, 0.0000, 'http://lib.chdu.edu.ua/pdf/naukpraci/computer/2008/90-77-17.pdf', 2008),
(368, 'Застосування методу аналізу перехресного впливу у розв’язанні задач з технологічного передбачення', 11, 0.0000, 'http://lib.chdu.edu.ua/pdf/naukpraci/computer/2008/90-77-5.pdf', 2008),
(369, 'Вплив параметричної нестаціонарності компонентів на стійкість комп’ютеризованих систем', 11, 0.0000, 'http://lib.chdu.edu.ua/pdf/naukpraci/computer/2008/90-77-19.pdf', 2008),
(370, 'Семантичний пошук із поширенням активації', 11, 0.0000, 'http://lib.chdu.edu.ua/pdf/naukpraci/computer/2008/90-77-21.pdf', 2008),
(371, 'Розробка медичних діагностичних систем реального часу', 11, 0.0000, 'http://lib.chdu.edu.ua/pdf/naukpraci/computer/2008/90-77-15.pdf', 2008),
(372, 'Оцінювання параметрів моделей із застосуванням методу Монте-Карло для марковських ланцюгів', 11, 0.0000, 'http://lib.chdu.edu.ua/pdf/naukpraci/computer/2008/90-77-3.pdf', 2008),
(373, 'Система підтримки прийняття рішень для прогнозування нестаціонарних процесів', 11, 0.0000, 'http://lib.chdu.edu.ua/pdf/naukpraci/computer/2008/90-77-16.pdf', 2008),
(374, 'Реалізація системи підтримки прийняття рішень на основі нечіткої оптимізації розподілу фінансів між альтернативними проектами за допомогою алгоритму клонального добору', 11, 0.0000, 'http://lib.chdu.edu.ua/pdf/naukpraci/computer/2008/90-77-12.pdf', 2008),
(375, 'Сучасні технології та програмне забезпечення мобільного зв’язку', 11, 0.0000, 'http://lib.chdu.edu.ua/pdf/naukpraci/computer/2008/90-77-24.pdf', 2008),
(376, 'Модель багатовимірного розподілу на основі копул для розв’язання задач управління ризиками', 11, 0.0000, 'http://lib.chdu.edu.ua/pdf/naukpraci/computer/2008/90-77-7.pdf', 2008),
(377, 'Математические модели системного анализа нестационарных процессов', 11, 0.0000, 'http://lib.chdu.edu.ua/pdf/naukpraci/computer/2008/90-77-10.pdf', 2008),
(378, 'Дослідження процесу управління ризиками в невеликих проектах зі створення програмного забезпечення', 11, 0.0000, 'http://lib.chdu.edu.ua/pdf/naukpraci/computer/2008/90-77-8.pdf', 2008),
(379, 'Системний аналіз показників', 11, 0.0000, 'http://lib.chdu.edu.ua/pdf/naukpraci/computer/2008/90-77-2.pdf', 2008),
(380, 'Принципы построения системы поддержки принятия решений при формировании прогноза и планов лечения артериальной гипертензии', 11, 0.0000, 'http://lib.chdu.edu.ua/pdf/naukpraci/computer/2008/90-77-13.pdf', 2008),
(381, 'Синтез оптимальних структур медичних телекомунікаційних систем', 11, 0.0000, 'http://lib.chdu.edu.ua/pdf/naukpraci/computer/2008/90-77-25.pdf', 2008),
(382, 'Системний аналіз діяльності комерційного банку', 11, 0.0000, 'http://lib.chdu.edu.ua/pdf/naukpraci/computer/2008/90-77-4.pdf', 2008),
(383, 'Идентификация статистических характеристик шума состояния нелинейной модели динамических систем', 11, 0.0000, 'http://lib.chdu.edu.ua/pdf/naukpraci/computer/2008/90-77-11.pdf', 2008),
(384, 'Модель програмного забезпечення на основі інтеграції модульної, пошарової та об’єктно-орієнтованої архітектур', 11, 0.0000, 'http://lib.chdu.edu.ua/pdf/naukpraci/computer/2008/90-77-22.pdf', 2008),
(385, 'Проект побудови інформаційно-аналітичної СППР для системного аналізу підтримки і прийняття рішень на регіональному рівні в туризмі', 11, 1.0000, 'http://lib.chdu.edu.ua/pdf/naukpraci/computer/2008/90-77-18.pdf', 2008),
(386, 'Квазілінеаризація нелінійних динамічних систем при допустимих коливаннях', 11, 0.0000, 'http://lib.chdu.edu.ua/pdf/naukpraci/computer/2008/90-77-20.pdf', 2008),
(387, 'Построение информационной модели сопровождения процесса технологического предвидения', 11, 0.0000, 'http://lib.chdu.edu.ua/pdf/naukpraci/computer/2008/90-77-9.pdf', 2008),
(388, 'Застосування методу морфологічного аналізу до задач технологічного передбачення', 11, 0.0000, 'http://lib.chdu.edu.ua/pdf/naukpraci/computer/2008/90-77-1.pdf', 2008),
(389, 'Дослідження застосування нейронних мереж для задач data mining', 11, 0.0000, 'http://lib.chdu.edu.ua/pdf/naukpraci/computer/2008/90-77-14.pdf', 2008);

-- --------------------------------------------------------

--
-- Table structure for table `ArticleArticle`
--

CREATE TABLE IF NOT EXISTS `ArticleArticle` (
  `articleArticleId` int(11) NOT NULL AUTO_INCREMENT,
  `articleId` int(11) DEFAULT NULL,
  `citarticleId` int(11) DEFAULT NULL,
  PRIMARY KEY (`articleArticleId`)
) ENGINE=InnoDB  DEFAULT CHARSET=utf8 AUTO_INCREMENT=67 ;

--
-- Dumping data for table `ArticleArticle`
--

INSERT INTO `ArticleArticle` (`articleArticleId`, `articleId`, `citarticleId`) VALUES
(54, 216, 238),
(55, 224, 160),
(56, 164, 343),
(57, 258, 275),
(58, 213, 155),
(59, 330, 243),
(60, 272, 361),
(61, 188, 334),
(62, 181, 248),
(63, 327, 386),
(64, 217, 280),
(65, 385, 329),
(66, 201, 269);

-- --------------------------------------------------------

--
-- Table structure for table `ArticleAuthor`
--

CREATE TABLE IF NOT EXISTS `ArticleAuthor` (
  `articleAuthorId` int(11) NOT NULL AUTO_INCREMENT,
  `articleId` int(11) DEFAULT NULL,
  `authorId` int(11) DEFAULT NULL,
  PRIMARY KEY (`articleAuthorId`)
) ENGINE=InnoDB  DEFAULT CHARSET=utf8 AUTO_INCREMENT=275 ;

--
-- Dumping data for table `ArticleAuthor`
--

INSERT INTO `ArticleAuthor` (`articleAuthorId`, `articleId`, `authorId`) VALUES
(1, 371, 111),
(2, 371, 161),
(3, 371, 351),
(4, 216, 107),
(5, 216, 107),
(6, 216, 107),
(7, 216, 107),
(8, 206, 248),
(9, 206, 249),
(10, 275, 129),
(11, 373, 129),
(12, 373, 129),
(13, 373, 129),
(14, 373, 144),
(15, 373, 129),
(16, 373, 144),
(17, 373, 129),
(18, 373, 144),
(19, 373, 144),
(20, 224, 101),
(21, 224, 175),
(22, 247, 181),
(23, 282, 121),
(24, 282, 101),
(25, 282, 244),
(26, 282, 108),
(27, 282, 101),
(28, 282, 101),
(29, 282, 244),
(30, 177, 206),
(31, 164, 107),
(32, 164, 107),
(33, 339, 354),
(34, 339, 289),
(35, 384, 394),
(36, 384, 105),
(37, 384, 394),
(38, 248, 206),
(39, 347, 146),
(40, 347, 166),
(41, 347, 125),
(42, 347, 165),
(43, 387, 206),
(44, 288, 345),
(45, 288, 124),
(46, 288, 124),
(47, 288, 349),
(48, 288, 124),
(49, 288, 129),
(50, 288, 124),
(51, 221, 181),
(52, 221, 243),
(53, 219, 251),
(54, 219, 252),
(55, 219, 121),
(56, 191, 191),
(57, 191, 325),
(58, 191, 230),
(59, 380, 165),
(60, 380, 146),
(61, 380, 165),
(62, 380, 146),
(63, 380, 165),
(64, 380, 146),
(65, 368, 206),
(66, 382, 129),
(67, 369, 101),
(68, 369, 187),
(69, 369, 101),
(70, 369, 201),
(71, 197, 240),
(72, 298, 191),
(73, 343, 321),
(74, 343, 107),
(75, 211, 254),
(76, 211, 254),
(77, 211, 254),
(78, 211, 254),
(79, 258, 280),
(80, 258, 280),
(81, 258, 129),
(82, 323, 373),
(83, 167, 187),
(84, 167, 101),
(85, 167, 101),
(86, 167, 189),
(87, 352, 349),
(88, 352, 129),
(89, 352, 124),
(90, 352, 349),
(91, 356, 169),
(92, 356, 171),
(93, 356, 169),
(94, 294, 319),
(95, 294, 317),
(96, 294, 318),
(97, 294, 319),
(98, 294, 317),
(99, 294, 319),
(100, 355, 380),
(101, 355, 380),
(102, 355, 380),
(103, 355, 124),
(104, 367, 129),
(105, 222, 263),
(106, 222, 263),
(107, 222, 263),
(108, 286, 311),
(109, 250, 121),
(110, 250, 251),
(111, 250, 270),
(112, 360, 191),
(113, 360, 190),
(114, 360, 191),
(115, 213, 174),
(116, 338, 354),
(117, 386, 116),
(118, 330, 129),
(119, 330, 129),
(120, 330, 280),
(121, 220, 206),
(122, 220, 206),
(123, 220, 206),
(124, 220, 206),
(125, 220, 206),
(126, 220, 260),
(127, 220, 261),
(128, 169, 194),
(129, 169, 101),
(130, 199, 243),
(131, 218, 129),
(132, 218, 258),
(133, 218, 259),
(134, 189, 228),
(135, 189, 223),
(136, 189, 222),
(137, 189, 223),
(138, 189, 224),
(139, 189, 226),
(140, 189, 225),
(141, 189, 227),
(142, 189, 228),
(143, 189, 222),
(144, 189, 222),
(145, 357, 129),
(146, 290, 175),
(147, 328, 165),
(148, 272, 129),
(149, 272, 129),
(150, 183, 105),
(151, 183, 215),
(152, 183, 105),
(153, 183, 215),
(154, 162, 180),
(155, 162, 180),
(156, 162, 180),
(157, 188, 112),
(158, 188, 105),
(159, 188, 221),
(160, 188, 105),
(161, 188, 363),
(162, 188, 165),
(163, 214, 184),
(164, 214, 111),
(165, 214, 257),
(166, 351, 129),
(167, 335, 181),
(168, 168, 190),
(169, 361, 129),
(170, 153, 167),
(171, 207, 250),
(172, 336, 311),
(173, 336, 312),
(174, 205, 129),
(175, 205, 167),
(176, 205, 231),
(177, 205, 129),
(178, 375, 251),
(179, 295, 201),
(180, 295, 200),
(181, 295, 236),
(182, 295, 256),
(183, 295, 236),
(184, 181, 129),
(185, 181, 266),
(186, 181, 266),
(187, 341, 369),
(188, 341, 369),
(189, 341, 369),
(190, 333, 359),
(191, 333, 360),
(192, 333, 361),
(193, 160, 175),
(194, 160, 175),
(195, 209, 228),
(196, 209, 223),
(197, 209, 222),
(198, 209, 222),
(199, 209, 223),
(200, 209, 225),
(201, 209, 226),
(202, 203, 169),
(203, 388, 206),
(204, 327, 116),
(205, 327, 116),
(206, 225, 206),
(207, 159, 121),
(208, 389, 181),
(209, 217, 180),
(210, 217, 180),
(211, 385, 154),
(212, 256, 394),
(213, 256, 394),
(214, 256, 105),
(215, 201, 295),
(216, 201, 245),
(217, 190, 229),
(218, 178, 134),
(219, 158, 165),
(220, 342, 370),
(221, 342, 101),
(222, 342, 101),
(223, 342, 101),
(224, 342, 101),
(225, 342, 371),
(226, 342, 108),
(227, 342, 101),
(228, 342, 101),
(229, 358, 199),
(230, 358, 199),
(231, 354, 129),
(232, 354, 280),
(233, 200, 101),
(234, 200, 101),
(235, 200, 244),
(236, 200, 101),
(237, 273, 302),
(238, 273, 195),
(239, 273, 302),
(240, 344, 373),
(241, 202, 246),
(242, 202, 216),
(243, 172, 129),
(244, 283, 181),
(245, 249, 206),
(246, 325, 350),
(247, 325, 351),
(248, 325, 350),
(249, 325, 351),
(250, 325, 350),
(251, 325, 351),
(252, 325, 350),
(253, 325, 351),
(254, 325, 351),
(255, 325, 351),
(256, 325, 351),
(257, 325, 351),
(258, 262, 287),
(259, 212, 201),
(260, 208, 121),
(261, 208, 252),
(262, 208, 252),
(263, 208, 121),
(264, 208, 252),
(265, 208, 251),
(266, 208, 252),
(267, 208, 253),
(268, 204, 187),
(269, 204, 103),
(270, 204, 187),
(271, 364, 342),
(272, 364, 384),
(273, 210, 205),
(274, 280, 180);

-- --------------------------------------------------------

--
-- Table structure for table `Author`
--

CREATE TABLE IF NOT EXISTS `Author` (
  `authorId` int(11) NOT NULL AUTO_INCREMENT,
  `fullName` varchar(200) DEFAULT NULL,
  `photo` varchar(500) DEFAULT NULL,
  `index` float(10,4) DEFAULT '0.0000',
  PRIMARY KEY (`authorId`)
) ENGINE=InnoDB  DEFAULT CHARSET=utf8 AUTO_INCREMENT=398 ;

--
-- Dumping data for table `Author`
--

INSERT INTO `Author` (`authorId`, `fullName`, `photo`, `index`) VALUES
(101, 'Кондратенко Ю.П.', NULL, 18.0000),
(102, 'Терентієва І.М.', NULL, 0.0000),
(103, 'Явішева І.В.', NULL, 1.0000),
(104, 'Дегтярьов В.О.', NULL, 0.0000),
(105, 'Фісун М.Т.', NULL, 6.0000),
(106, 'Дворецький М.Л.', NULL, 0.0000),
(107, 'Трунов О.М.', NULL, 7.0000),
(108, 'Кондратенко В.Ю.', NULL, 2.0000),
(109, 'Донченко М.В.', NULL, 0.0000),
(110, 'Рябенький О.О.', NULL, 0.0000),
(111, 'Гожий О.П.', NULL, 2.0000),
(112, 'Коваленко І.І.', NULL, 1.0000),
(113, 'Пономаренко Т.В.', NULL, 0.0000),
(114, 'Соколова Н.А.', NULL, 0.0000),
(115, 'Кравцова Л.В.', NULL, 0.0000),
(116, 'Тимченко В.Л.', NULL, 3.0000),
(117, 'Балтовський О.А.', NULL, 0.0000),
(118, 'Нагорний Ю.І.', NULL, 0.0000),
(119, 'Лісяной Г.В.', NULL, 0.0000),
(120, 'Кокошко В.С.', NULL, 0.0000),
(121, 'Глибовець М.М.', NULL, 6.0000),
(122, 'Іващенко С.А.', NULL, 0.0000),
(123, 'Крусь О.О.', NULL, 0.0000),
(124, 'Литвиненко В.І.', NULL, 6.0000),
(125, 'Ходаков В.Є.', NULL, 1.0000),
(126, 'Бараненко Р.В.', NULL, 0.0000),
(127, 'Райко Г.О.', NULL, 0.0000),
(128, 'Коваленко А.Д.', NULL, 0.0000),
(129, 'Бідюк П.І.', NULL, 24.0000),
(130, 'Шеховцев А.В.', NULL, 0.0000),
(131, 'Пилипенко М.В.', NULL, 0.0000),
(132, 'Кудін О.А.', NULL, 0.0000),
(133, 'Цибенко Б.О.', NULL, 0.0000),
(134, 'Кравець І.О.', NULL, 1.0000),
(135, 'Харченко О.Ю.', NULL, 0.0000),
(136, 'Положаєнко С.О.', NULL, 0.0000),
(137, 'Узун Т.Ф.', NULL, 0.0000),
(138, 'Сердюченко А.М.', NULL, 0.0000),
(139, 'Дорфман Є.В.', NULL, 0.0000),
(140, 'Корочкін О.В.', NULL, 0.0000),
(141, 'Макаров Л.О.', NULL, 0.0000),
(142, 'Манако А.Ф.', NULL, 0.0000),
(143, 'Данилова О.В.', NULL, 0.0000),
(144, 'Демківський Є.О.', NULL, 4.0000),
(145, 'Пархоменко Д.Ю.', NULL, 0.0000),
(146, 'Гожий А.П.', NULL, 4.0000),
(147, 'Марцинковский И.Б.', NULL, 0.0000),
(148, 'Федоров Є.Є.', NULL, 0.0000),
(149, 'Cавастьянов В.В.', NULL, 0.0000),
(150, 'Нгуен Ши Данг.', NULL, 0.0000),
(151, 'Сагайдак Л.О.', NULL, 0.0000),
(152, 'Опарина Е.Л.', NULL, 0.0000),
(153, 'Лейфура В.М.', NULL, 0.0000),
(154, 'Данилов В.Я.', NULL, 1.0000),
(155, 'Науменко І.Я.', NULL, 0.0000),
(156, 'Кизима В.І.', NULL, 0.0000),
(157, 'Енчева С.', NULL, 0.0000),
(158, 'Волкова С.О.', NULL, 0.0000),
(159, 'Олійник А.І.', NULL, 0.0000),
(160, 'Сапожник Я.В.', NULL, 0.0000),
(161, 'Гнатовська Ю.О.', NULL, 1.0000),
(162, 'Єлісєєв В.В.', NULL, 0.0000),
(163, 'Лiтинська А.', NULL, 0.0000),
(164, 'Кравчук Ю.', NULL, 0.0000),
(165, 'Коваленко И.И.', NULL, 7.0000),
(166, 'Коршевнюк Л.О.', NULL, 1.0000),
(167, 'Терентьєв О.М.', NULL, 2.0000),
(168, 'Ярошенко Т.О.', NULL, 0.0000),
(169, 'Висоцька В.А.', NULL, 3.0000),
(170, 'Чирун Л.Б.', NULL, 0.0000),
(171, 'Чирун Л.В.', NULL, 1.0000),
(172, 'Загірська І.О.', NULL, 0.0000),
(173, 'Добрушкін Г.О.', NULL, 0.0000),
(174, 'Дудар А.Ю.', NULL, 1.0000),
(175, 'Кутковецький В.Я.', NULL, 4.0000),
(176, 'Гороховський С.C.', NULL, 0.0000),
(177, 'Михальчук В.О.', NULL, 0.0000),
(178, 'Петльований П.В.', NULL, 0.0000),
(179, 'Коваленко А.М.', NULL, 0.0000),
(180, 'Чертов О.Р.', NULL, 6.0000),
(181, 'Бодянський Є.В.', NULL, 5.0000),
(182, 'Тесленко Н.О.', NULL, 0.0000),
(183, 'Дейнеко А.О.', NULL, 0.0000),
(184, 'Калініна І.О.', NULL, 1.0000),
(185, 'Назаренко Д.О.', NULL, 0.0000),
(186, 'Лисенко С.М.', NULL, 0.0000),
(187, 'Кондратенко Г.В.', NULL, 4.0000),
(188, 'Сіденко Є.В.', NULL, 0.0000),
(189, 'Чекашова О.В.', NULL, 1.0000),
(190, 'Рашкевич Ю.М.', NULL, 2.0000),
(191, 'Пелешко Д.Д.', NULL, 4.0000),
(192, 'Ковальчук А.М.', NULL, 0.0000),
(193, 'Купчак М.', NULL, 0.0000),
(194, 'Доценко А.С.', NULL, 1.0000),
(195, 'Томашевський В.М.', NULL, 1.0000),
(196, 'Новіков Ю.Л.', NULL, 0.0000),
(197, 'Камінська П.А.', NULL, 0.0000),
(198, 'Швед А.В.', NULL, 0.0000),
(199, 'Верес О.М.', NULL, 2.0000),
(200, 'Дидук В.А.', NULL, 1.0000),
(201, 'Мусиенко М.П.', NULL, 3.0000),
(202, 'Плісс І.П.', NULL, 0.0000),
(203, 'Шевякова А.Ю.', NULL, 0.0000),
(204, 'Шевякова Ю.Ю.', NULL, 0.0000),
(205, 'Павлов Д.Г.', NULL, 1.0000),
(206, 'Панкратова Н.Д.', NULL, 12.0000),
(207, 'Чабан О.А.', NULL, 0.0000),
(208, 'Негоденко А.С.', NULL, 0.0000),
(209, 'Лисенко А.Ю.', NULL, 0.0000),
(210, 'Няньковський П.С.', NULL, 0.0000),
(211, 'Слєпцова О.Я.', NULL, 0.0000),
(212, 'Пасхін А.М.', NULL, 0.0000),
(213, 'Бурлаченко І.С.', NULL, 0.0000),
(214, 'Журавська І.М.', NULL, 0.0000),
(215, 'Горбань Г.В.', NULL, 2.0000),
(216, 'Купін А.І.', NULL, 1.0000),
(217, 'Музика І.О.', NULL, 0.0000),
(218, 'Селівьорстов В.Ю.', NULL, 0.0000),
(219, 'Іщенко М.О.', NULL, 0.0000),
(220, 'Хорольський І.В.', NULL, 0.0000),
(221, 'Давиденко Є.О.', NULL, 1.0000),
(222, 'Рудь М.П.', NULL, 5.0000),
(223, 'Канашевич Г.В.', NULL, 4.0000),
(224, 'Бойко В.П.', NULL, 1.0000),
(225, 'Бондаренко М.О.', NULL, 2.0000),
(226, 'Коваленко Ю.І.', NULL, 2.0000),
(227, 'Яценко І.В.', NULL, 1.0000),
(228, 'Ващенко В.А.', NULL, 3.0000),
(229, 'Осипенко В.В.', NULL, 1.0000),
(230, 'Клювак А.В.', NULL, 1.0000),
(231, 'Боярова К.І.', NULL, 1.0000),
(232, 'Вусатюк А.М.', NULL, 0.0000),
(233, 'Купчак М.І.', NULL, 0.0000),
(234, 'Ковальчук A.М.', NULL, 0.0000),
(235, 'Стрельчук Е.А.', NULL, 0.0000),
(236, 'Мусієнко М.П.', NULL, 2.0000),
(237, 'Куценко С.В', NULL, 0.0000),
(238, 'Кривцов А.Ю.', NULL, 0.0000),
(239, 'Гонтовий С.В.', NULL, 0.0000),
(240, 'Іщенко Л.Ф.', NULL, 1.0000),
(241, 'Шаламов М.О.', NULL, 0.0000),
(242, 'Волкова В.В.', NULL, 0.0000),
(243, 'Винокурова О.А.', NULL, 2.0000),
(244, 'Коробко О.В.', NULL, 3.0000),
(245, 'Ємельянова Н.Ю.', NULL, 1.0000),
(246, 'Кузнєцов Д.І.', NULL, 1.0000),
(247, 'Чабан В.Й.', NULL, 0.0000),
(248, 'Приходько С.Б.', NULL, 1.0000),
(249, 'Макарова Л.М.', NULL, 1.0000),
(250, 'Цибульська Л.О.', NULL, 1.0000),
(251, 'Глибовець А.М.', NULL, 4.0000),
(252, 'Гороховський С.С.', NULL, 5.0000),
(253, 'Шаповалов А.Г.', NULL, 1.0000),
(254, 'Ризун Н.О.', NULL, 4.0000),
(255, 'Петлеваний П.В.', NULL, 0.0000),
(256, 'Куценко С.В.', NULL, 1.0000),
(257, 'Мусенко Г.О.', NULL, 1.0000),
(258, 'Коновалюк М.М.', NULL, 1.0000),
(259, 'Кожухівська О.А.', NULL, 1.0000),
(260, 'Євтушенко К.І.', NULL, 1.0000),
(261, 'Кисельова О.Ю.', NULL, 1.0000),
(262, 'Тімошин А.Ю.', NULL, 0.0000),
(263, 'Хомченко А.Н.', NULL, 3.0000),
(264, 'Сидоренко М.О.', NULL, 0.0000),
(265, 'Пузирєв С.В.', NULL, 0.0000),
(266, 'Яремчук О.Я.', NULL, 2.0000),
(267, 'Касьянова К.Н.', NULL, 0.0000),
(268, 'БожкоЮ.', NULL, 0.0000),
(269, 'Бублик В.В.', NULL, 0.0000),
(270, 'Корень О.М.', NULL, 1.0000),
(271, 'Недашковская Н.И.', NULL, 0.0000),
(272, 'Ходаков Д.В.', NULL, 0.0000),
(273, 'Нятіна Н.Л.', NULL, 0.0000),
(274, 'Голобородько А.М.', NULL, 0.0000),
(275, 'Аль-Суод Махмуд Мухаммад.', NULL, 0.0000),
(276, 'Мочалін О.Є.', NULL, 0.0000),
(277, 'Биков І.Д.', NULL, 0.0000),
(278, 'Дихта Л.М.', NULL, 0.0000),
(279, 'Краснов Н.Е.', NULL, 0.0000),
(280, 'Кузнєцова Н.В.', NULL, 4.0000),
(281, 'Зінченко А.Ю.', NULL, 0.0000),
(282, 'Передерій В.І.', NULL, 0.0000),
(283, 'Дідик О.О.', NULL, 0.0000),
(284, 'Вартузов В.В.', NULL, 0.0000),
(285, 'Шкурдода С.В.', NULL, 0.0000),
(286, 'Фефелов О.О.', NULL, 0.0000),
(287, 'Крючковський В.В.', NULL, 1.0000),
(288, 'Чорномаз І.К.', NULL, 0.0000),
(289, 'Жиров О.Л.', NULL, 1.0000),
(290, 'Пасічніченко І.О.', NULL, 0.0000),
(291, 'Клименко В.В.', NULL, 0.0000),
(292, 'Заболотний Р.І.', NULL, 0.0000),
(293, 'Завадський І.О.', NULL, 0.0000),
(294, 'ВересЮ.О.', NULL, 0.0000),
(295, 'Емельянова Н.Ю.', NULL, 1.0000),
(296, 'ПаерандЮ.Е.', NULL, 0.0000),
(297, 'Шабінський А.С.', NULL, 0.0000),
(298, 'Ольшевський Р.Я.', NULL, 0.0000),
(299, 'Сис В.Б.', NULL, 0.0000),
(300, 'Федоров А.В.', NULL, 0.0000),
(301, 'Суворов І.С.', NULL, 0.0000),
(302, 'Іванов В.О.', NULL, 2.0000),
(303, 'Торовець Т.А.', NULL, 0.0000),
(304, 'Піка А.А.', NULL, 0.0000),
(305, 'Савкевич О.С.', NULL, 0.0000),
(306, 'Денисов А.О.', NULL, 0.0000),
(307, 'Бурлаченко І.І.', NULL, 0.0000),
(308, 'Скулімовський Д.В.', NULL, 0.0000),
(309, 'Горкавченко Т.В.', NULL, 0.0000),
(310, 'Калініна І.О', NULL, 0.0000),
(311, 'Лагно В.І.', NULL, 2.0000),
(312, 'Стогній В.І.', NULL, 1.0000),
(313, 'Cтукало М.С.', NULL, 0.0000),
(314, 'Каменська П.А.', NULL, 0.0000),
(315, 'Яремчук О Я.', NULL, 0.0000),
(316, 'Гаманюк С.Ю.', NULL, 0.0000),
(317, 'Ханин И.Г.', NULL, 2.0000),
(318, 'Поляков М.В.', NULL, 1.0000),
(319, 'Борматенко Н.В.', NULL, 3.0000),
(320, 'Дідук В.А.', NULL, 0.0000),
(321, 'Трунов А.Н.', NULL, 1.0000),
(322, 'Мейжис І.А.', NULL, 0.0000),
(323, 'Єрещенко В.О.', NULL, 0.0000),
(324, 'Козуб О.', NULL, 0.0000),
(325, 'Кустра Н.О.', NULL, 1.0000),
(326, 'Ковальчук Ю.А.', NULL, 0.0000),
(327, 'Козлов О.В.', NULL, 0.0000),
(328, 'Чуйко Г.П.', NULL, 0.0000),
(329, 'Дворник О.В.', NULL, 0.0000),
(330, 'Шиян С.І.', NULL, 0.0000),
(331, 'Рим К.В.', NULL, 0.0000),
(332, 'Терещенкова О.В.', NULL, 0.0000),
(333, 'Данішевська І.О.', NULL, 0.0000),
(334, 'Толстих В.К.', NULL, 0.0000),
(335, 'Кисельова Л.Н.', NULL, 0.0000),
(336, 'Кириченко О.С.', NULL, 0.0000),
(337, 'Білюк І.С.', NULL, 0.0000),
(338, 'Бугрім Л.І.', NULL, 0.0000),
(339, 'Коргут Ю.А.', NULL, 0.0000),
(340, 'Давидов М.В.', NULL, 0.0000),
(341, 'Лозицький О.А.', NULL, 0.0000),
(342, 'Нікольський Ю.В.', NULL, 1.0000),
(343, 'Савінов В.Ю.', NULL, 0.0000),
(344, 'Рахматулов Р.Р.', NULL, 0.0000),
(345, 'Грицик В.В.', NULL, 1.0000),
(346, 'Пелих Н.І.', NULL, 0.0000),
(347, 'Януш Д.А.', NULL, 0.0000),
(348, 'Новікова К.Ю.', NULL, 0.0000),
(349, 'Фефелов А.О.', NULL, 3.0000),
(350, 'Ковальчук Л.Я.', NULL, 4.0000),
(351, 'Марценюк В.П.', NULL, 9.0000),
(352, 'Малишевський О.Г.', NULL, 0.0000),
(353, 'Гавриш Т.С.', NULL, 0.0000),
(354, 'Данілов В.Я.', NULL, 2.0000),
(355, 'Афанасьєва І.В.', NULL, 0.0000),
(356, 'Кроптя А.В.', NULL, 0.0000),
(357, 'Афанасьєва Г.О.', NULL, 0.0000),
(358, 'Матрос Є.О.', NULL, 0.0000),
(359, 'Машков О.А.', NULL, 1.0000),
(360, 'Кононов О.А.', NULL, 1.0000),
(361, 'Самборський І.І.', NULL, 1.0000),
(362, 'Усаченко Л.М.', NULL, 0.0000),
(363, 'Галенко Н.І.', NULL, 1.0000),
(364, 'Шульженко Г.А.', NULL, 0.0000),
(365, 'Воробйова А.І.', NULL, 0.0000),
(366, 'Курікша О.В.', NULL, 0.0000),
(367, 'Жирова A.О.', NULL, 0.0000),
(368, 'Болгар Л.Е.', NULL, 0.0000),
(369, 'Боримський Ю.С.', NULL, 3.0000),
(370, 'Запорожець Ю.М.', NULL, 1.0000),
(371, 'Шишкін О.С.', NULL, 1.0000),
(372, 'Трунов О.О.', NULL, 0.0000),
(373, 'Новикова Е.Ю.', NULL, 2.0000),
(374, 'Ємельянов В.О.', NULL, 0.0000),
(375, 'Мотильов К.І.', NULL, 0.0000),
(376, 'Пасльон В.В.', NULL, 0.0000),
(377, 'Барилюк М.М.', NULL, 0.0000),
(378, 'Феделов А.О.', NULL, 0.0000),
(379, 'Литинська А.Ю.', NULL, 0.0000),
(380, 'Самков О.В.', NULL, 3.0000),
(381, 'Захарченко Ю.А.', NULL, 0.0000),
(382, 'Федорів Т.С.', NULL, 0.0000),
(383, 'Пасєка М.С.', NULL, 0.0000),
(384, 'Щербина Ю.М.', NULL, 1.0000),
(385, 'Шестакевич Т.В.', NULL, 0.0000),
(386, 'Радюк А.М.', NULL, 0.0000),
(387, 'Пилипенко Д.Є.', NULL, 0.0000),
(388, 'Махмуд Мохаммад Салем Аль-Суод', NULL, 0.0000),
(389, 'Романов Д.О.', NULL, 0.0000),
(390, 'Борисевич А.С.', NULL, 0.0000),
(391, 'Панкратов В.А.', NULL, 0.0000),
(392, 'Жиров O.Л.', NULL, 0.0000),
(393, 'Подладчикова Т.В.', NULL, 0.0000),
(394, 'Биков Д.П.', NULL, 4.0000),
(395, 'Савастьянов В.В.', NULL, 0.0000),
(396, 'Савченко І.О.', NULL, 0.0000),
(397, 'Пищита О.О.', NULL, 0.0000);

-- --------------------------------------------------------

--
-- Table structure for table `AuthorArticle`
--

CREATE TABLE IF NOT EXISTS `AuthorArticle` (
  `authorArticleId` int(11) NOT NULL AUTO_INCREMENT,
  `authorId` int(11) DEFAULT NULL,
  `articleId` int(11) DEFAULT NULL,
  PRIMARY KEY (`authorArticleId`)
) ENGINE=InnoDB  DEFAULT CHARSET=utf8 AUTO_INCREMENT=580 ;

--
-- Dumping data for table `AuthorArticle`
--

INSERT INTO `AuthorArticle` (`authorArticleId`, `authorId`, `articleId`) VALUES
(1, 117, 110),
(2, 117, 231),
(3, 202, 175),
(4, 202, 198),
(5, 259, 218),
(6, 395, 387),
(7, 112, 107),
(8, 112, 119),
(9, 112, 180),
(10, 112, 188),
(11, 112, 239),
(12, 112, 260),
(13, 383, 360),
(14, 360, 333),
(15, 230, 191),
(16, 313, 287),
(17, 388, 369),
(18, 187, 167),
(19, 187, 204),
(20, 187, 301),
(21, 187, 369),
(22, 262, 221),
(23, 292, 266),
(24, 253, 208),
(25, 176, 157),
(26, 309, 284),
(27, 101, 101),
(28, 101, 143),
(29, 101, 169),
(30, 101, 200),
(31, 101, 204),
(32, 101, 226),
(33, 101, 282),
(34, 101, 299),
(35, 101, 301),
(36, 101, 342),
(37, 101, 369),
(38, 234, 193),
(39, 223, 189),
(40, 223, 209),
(41, 182, 163),
(42, 182, 268),
(43, 182, 363),
(44, 160, 143),
(45, 282, 260),
(46, 372, 343),
(47, 207, 177),
(48, 103, 101),
(49, 103, 226),
(50, 103, 369),
(51, 390, 372),
(52, 140, 127),
(53, 323, 297),
(54, 321, 296),
(55, 312, 286),
(56, 205, 176),
(57, 205, 210),
(58, 205, 281),
(59, 303, 274),
(60, 303, 300),
(61, 303, 310),
(62, 265, 225),
(63, 113, 107),
(64, 113, 239),
(65, 113, 380),
(66, 102, 101),
(67, 102, 226),
(68, 304, 277),
(69, 164, 147),
(70, 328, 302),
(71, 328, 308),
(72, 144, 130),
(73, 144, 373),
(74, 356, 330),
(75, 356, 376),
(76, 184, 165),
(77, 184, 214),
(78, 184, 337),
(79, 184, 350),
(80, 184, 367),
(81, 175, 156),
(82, 175, 160),
(83, 175, 224),
(84, 175, 290),
(85, 175, 316),
(86, 216, 185),
(87, 216, 202),
(88, 226, 189),
(89, 226, 209),
(90, 150, 137),
(91, 109, 106),
(92, 109, 245),
(93, 189, 167),
(94, 345, 322),
(95, 345, 359),
(96, 104, 102),
(97, 104, 139),
(98, 104, 182),
(99, 104, 241),
(100, 169, 152),
(101, 169, 203),
(102, 169, 215),
(103, 169, 255),
(104, 169, 356),
(105, 169, 364),
(106, 352, 326),
(107, 105, 103),
(108, 105, 115),
(109, 105, 127),
(110, 105, 183),
(111, 105, 227),
(112, 105, 240),
(113, 105, 293),
(114, 105, 315),
(115, 105, 334),
(116, 105, 384),
(117, 384, 364),
(118, 301, 272),
(119, 228, 189),
(120, 284, 261),
(121, 152, 140),
(122, 357, 331),
(123, 343, 319),
(124, 165, 148),
(125, 165, 171),
(126, 165, 321),
(127, 165, 328),
(128, 165, 380),
(129, 203, 175),
(130, 200, 174),
(131, 111, 107),
(132, 111, 119),
(133, 111, 158),
(134, 111, 182),
(135, 111, 214),
(136, 111, 239),
(137, 111, 279),
(138, 111, 297),
(139, 111, 300),
(140, 111, 310),
(141, 111, 362),
(142, 337, 314),
(143, 242, 198),
(144, 379, 353),
(145, 267, 249),
(146, 254, 211),
(147, 229, 190),
(148, 318, 294),
(149, 218, 186),
(150, 329, 302),
(151, 329, 308),
(152, 296, 269),
(153, 256, 212),
(154, 256, 295),
(155, 283, 261),
(156, 283, 324),
(157, 219, 187),
(158, 219, 197),
(159, 353, 328),
(160, 121, 111),
(161, 121, 157),
(162, 121, 159),
(163, 121, 219),
(164, 121, 223),
(165, 121, 236),
(166, 121, 250),
(167, 121, 266),
(168, 121, 287),
(169, 121, 340),
(170, 121, 370),
(171, 183, 163),
(172, 288, 263),
(173, 159, 143),
(174, 377, 351),
(175, 377, 382),
(176, 358, 332),
(177, 387, 368),
(178, 316, 293),
(179, 204, 175),
(180, 367, 338),
(181, 238, 196),
(182, 243, 199),
(183, 243, 247),
(184, 243, 348),
(185, 177, 157),
(186, 120, 110),
(187, 120, 231),
(188, 314, 291),
(189, 185, 165),
(190, 297, 270),
(191, 268, 250),
(192, 376, 346),
(193, 299, 271),
(194, 153, 141),
(195, 286, 261),
(196, 380, 355),
(197, 335, 309),
(198, 332, 306),
(199, 332, 307),
(200, 281, 259),
(201, 281, 313),
(202, 281, 339),
(203, 281, 357),
(204, 281, 379),
(205, 281, 382),
(206, 341, 318),
(207, 381, 355),
(208, 206, 177),
(209, 206, 220),
(210, 206, 366),
(211, 206, 388),
(212, 351, 325),
(213, 170, 152),
(214, 170, 173),
(215, 170, 203),
(216, 170, 215),
(217, 170, 255),
(218, 170, 276),
(219, 170, 358),
(220, 156, 142),
(221, 179, 161),
(222, 179, 195),
(223, 134, 121),
(224, 134, 123),
(225, 134, 131),
(226, 134, 178),
(227, 134, 221),
(228, 134, 233),
(229, 134, 244),
(230, 134, 283),
(231, 134, 317),
(232, 134, 331),
(233, 134, 335),
(234, 134, 389),
(235, 308, 283),
(236, 322, 297),
(237, 106, 103),
(238, 106, 136),
(239, 106, 227),
(240, 106, 365),
(241, 209, 178),
(242, 346, 322),
(243, 364, 335),
(244, 373, 344),
(245, 295, 269),
(246, 374, 345),
(247, 350, 325),
(248, 136, 122),
(249, 136, 235),
(250, 393, 383),
(251, 269, 250),
(252, 269, 340),
(253, 135, 121),
(254, 135, 233),
(255, 294, 267),
(256, 331, 304),
(257, 246, 202),
(258, 326, 298),
(259, 215, 183),
(260, 215, 315),
(261, 339, 317),
(262, 130, 118),
(263, 130, 234),
(264, 119, 110),
(265, 119, 184),
(266, 119, 231),
(267, 119, 349),
(268, 128, 116),
(269, 128, 229),
(270, 291, 265),
(271, 371, 342),
(272, 131, 118),
(273, 131, 234),
(274, 344, 320),
(275, 233, 193),
(276, 116, 109),
(277, 116, 232),
(278, 116, 327),
(279, 116, 386),
(280, 245, 201),
(281, 396, 388),
(282, 315, 292),
(283, 239, 196),
(284, 239, 254),
(285, 264, 223),
(286, 139, 125),
(287, 181, 163),
(288, 181, 199),
(289, 181, 348),
(290, 255, 212),
(291, 319, 294),
(292, 173, 154),
(293, 289, 264),
(294, 289, 313),
(295, 289, 339),
(296, 289, 351),
(297, 289, 357),
(298, 310, 285),
(299, 178, 161),
(300, 385, 364),
(301, 114, 108),
(302, 114, 230),
(303, 220, 187),
(304, 232, 192),
(305, 274, 253),
(306, 274, 278),
(307, 163, 147),
(308, 336, 314),
(309, 365, 336),
(310, 252, 208),
(311, 252, 277),
(312, 252, 287),
(313, 252, 320),
(314, 394, 384),
(315, 122, 111),
(316, 122, 236),
(317, 273, 252),
(318, 197, 170),
(319, 191, 168),
(320, 191, 191),
(321, 191, 193),
(322, 191, 298),
(323, 191, 360),
(324, 327, 299),
(325, 320, 295),
(326, 221, 188),
(327, 221, 256),
(328, 235, 194),
(329, 279, 257),
(330, 361, 333),
(331, 359, 333),
(332, 231, 192),
(333, 231, 205),
(334, 261, 220),
(335, 193, 168),
(336, 378, 352),
(337, 198, 171),
(338, 198, 180),
(339, 198, 260),
(340, 285, 261),
(341, 311, 286),
(342, 214, 183),
(343, 137, 123),
(344, 137, 244),
(345, 167, 150),
(346, 167, 289),
(347, 362, 333),
(348, 391, 377),
(349, 276, 254),
(350, 227, 189),
(351, 172, 153),
(352, 172, 312),
(353, 250, 207),
(354, 306, 278),
(355, 349, 324),
(356, 349, 355),
(357, 224, 189),
(358, 145, 131),
(359, 266, 248),
(360, 266, 329),
(361, 266, 385),
(362, 280, 258),
(363, 280, 354),
(364, 324, 297),
(365, 188, 167),
(366, 188, 204),
(367, 188, 301),
(368, 222, 189),
(369, 222, 209),
(370, 222, 212),
(371, 237, 195),
(372, 298, 270),
(373, 158, 143),
(374, 123, 111),
(375, 123, 236),
(376, 141, 127),
(377, 108, 105),
(378, 108, 133),
(379, 108, 282),
(380, 201, 174),
(381, 272, 252),
(382, 272, 347),
(383, 151, 138),
(384, 180, 162),
(385, 180, 217),
(386, 180, 280),
(387, 143, 129),
(388, 157, 143),
(389, 347, 322),
(390, 293, 266),
(391, 146, 132),
(392, 146, 148),
(393, 146, 257),
(394, 146, 321),
(395, 146, 380),
(396, 333, 308),
(397, 127, 114),
(398, 127, 228),
(399, 190, 168),
(400, 190, 193),
(401, 248, 206),
(402, 248, 303),
(403, 225, 189),
(404, 225, 209),
(405, 258, 218),
(406, 258, 289),
(407, 302, 273),
(408, 186, 166),
(409, 330, 302),
(410, 330, 308),
(411, 155, 142),
(412, 389, 369),
(413, 338, 314),
(414, 148, 134),
(415, 354, 329),
(416, 354, 338),
(417, 354, 339),
(418, 354, 351),
(419, 354, 357),
(420, 138, 125),
(421, 154, 142),
(422, 154, 154),
(423, 154, 181),
(424, 154, 259),
(425, 154, 264),
(426, 154, 292),
(427, 154, 313),
(428, 154, 379),
(429, 154, 382),
(430, 154, 385),
(431, 277, 256),
(432, 110, 106),
(433, 110, 245),
(434, 317, 294),
(435, 375, 346),
(436, 247, 204),
(437, 325, 298),
(438, 168, 151),
(439, 166, 149),
(440, 166, 172),
(441, 166, 275),
(442, 166, 311),
(443, 196, 170),
(444, 196, 291),
(445, 249, 206),
(446, 249, 303),
(447, 212, 182),
(448, 212, 381),
(449, 129, 117),
(450, 129, 147),
(451, 129, 149),
(452, 129, 150),
(453, 129, 172),
(454, 129, 192),
(455, 129, 205),
(456, 129, 218),
(457, 129, 243),
(458, 129, 258),
(459, 129, 272),
(460, 129, 274),
(461, 129, 275),
(462, 129, 289),
(463, 129, 300),
(464, 129, 310),
(465, 129, 311),
(466, 129, 312),
(467, 129, 330),
(468, 129, 332),
(469, 129, 341),
(470, 129, 352),
(471, 129, 353),
(472, 129, 354),
(473, 129, 361),
(474, 129, 372),
(475, 129, 373),
(476, 129, 376),
(477, 132, 119),
(478, 366, 336),
(479, 194, 169),
(480, 236, 195),
(481, 236, 212),
(482, 236, 263),
(483, 236, 295),
(484, 236, 319),
(485, 244, 200),
(486, 244, 282),
(487, 244, 369),
(488, 251, 208),
(489, 251, 270),
(490, 251, 277),
(491, 251, 320),
(492, 251, 375),
(493, 213, 182),
(494, 340, 318),
(495, 260, 220),
(496, 368, 340),
(497, 126, 113),
(498, 126, 118),
(499, 126, 234),
(500, 126, 246),
(501, 386, 366),
(502, 115, 108),
(503, 115, 230),
(504, 240, 197),
(505, 241, 198),
(506, 192, 168),
(507, 263, 222),
(508, 263, 304),
(509, 275, 253),
(510, 300, 272),
(511, 300, 341),
(512, 300, 361),
(513, 147, 132),
(514, 147, 380),
(515, 162, 146),
(516, 208, 177),
(517, 342, 318),
(518, 348, 323),
(519, 271, 251),
(520, 257, 214),
(521, 397, 389),
(522, 107, 104),
(523, 107, 124),
(524, 107, 126),
(525, 107, 164),
(526, 107, 216),
(527, 107, 238),
(528, 305, 278),
(529, 355, 330),
(530, 370, 342),
(531, 174, 155),
(532, 174, 213),
(533, 174, 305),
(534, 149, 135),
(535, 287, 262),
(536, 287, 347),
(537, 363, 334),
(538, 363, 378),
(539, 334, 309),
(540, 199, 173),
(541, 199, 358),
(542, 290, 264),
(543, 278, 257),
(544, 210, 179),
(545, 133, 120),
(546, 133, 237),
(547, 161, 144),
(548, 161, 371),
(549, 270, 250),
(550, 195, 170),
(551, 195, 291),
(552, 307, 279),
(553, 142, 128),
(554, 382, 359),
(555, 124, 112),
(556, 124, 145),
(557, 124, 242),
(558, 124, 261),
(559, 124, 288),
(560, 124, 324),
(561, 124, 352),
(562, 124, 355),
(563, 124, 374),
(564, 125, 113),
(565, 125, 118),
(566, 125, 234),
(567, 125, 246),
(568, 118, 110),
(569, 118, 231),
(570, 369, 341),
(571, 211, 181),
(572, 171, 152),
(573, 171, 203),
(574, 171, 215),
(575, 171, 255),
(576, 171, 356),
(577, 392, 379),
(578, 392, 382),
(579, 217, 185);

-- --------------------------------------------------------

--
-- Table structure for table `AuthorCategory`
--

CREATE TABLE IF NOT EXISTS `AuthorCategory` (
  `authorCategoryId` int(11) NOT NULL AUTO_INCREMENT,
  `authorId` int(11) DEFAULT NULL,
  `categoryId` int(11) DEFAULT NULL,
  PRIMARY KEY (`authorCategoryId`)
) ENGINE=InnoDB  DEFAULT CHARSET=utf8 AUTO_INCREMENT=299 ;

--
-- Dumping data for table `AuthorCategory`
--

INSERT INTO `AuthorCategory` (`authorCategoryId`, `authorId`, `categoryId`) VALUES
(1, 117, 11),
(2, 202, 11),
(3, 259, 11),
(4, 395, 11),
(5, 112, 11),
(6, 383, 11),
(7, 360, 11),
(8, 230, 11),
(9, 313, 11),
(10, 388, 11),
(11, 187, 11),
(12, 262, 11),
(13, 292, 11),
(14, 253, 11),
(15, 176, 11),
(16, 309, 11),
(18, 234, 11),
(19, 223, 11),
(20, 182, 11),
(21, 160, 11),
(22, 282, 11),
(23, 372, 11),
(24, 207, 11),
(25, 103, 11),
(26, 390, 11),
(27, 140, 11),
(28, 323, 11),
(29, 321, 11),
(30, 312, 11),
(31, 205, 11),
(32, 303, 11),
(33, 265, 11),
(34, 113, 11),
(35, 102, 11),
(36, 304, 11),
(37, 164, 11),
(38, 328, 11),
(39, 144, 11),
(40, 356, 11),
(41, 184, 11),
(42, 175, 11),
(43, 216, 11),
(44, 226, 11),
(45, 150, 11),
(46, 109, 11),
(47, 189, 11),
(48, 345, 11),
(49, 104, 11),
(50, 169, 11),
(51, 352, 11),
(52, 105, 11),
(53, 384, 11),
(54, 301, 11),
(55, 228, 11),
(56, 284, 11),
(57, 152, 11),
(58, 357, 11),
(59, 343, 11),
(60, 165, 11),
(61, 203, 11),
(62, 200, 11),
(63, 111, 11),
(64, 337, 11),
(65, 242, 11),
(66, 379, 11),
(67, 267, 11),
(68, 254, 11),
(69, 229, 11),
(70, 318, 11),
(71, 218, 11),
(72, 329, 11),
(73, 296, 11),
(74, 256, 11),
(75, 283, 11),
(76, 219, 11),
(77, 353, 11),
(78, 121, 11),
(79, 183, 11),
(80, 288, 11),
(81, 159, 11),
(82, 377, 11),
(83, 358, 11),
(84, 387, 11),
(85, 316, 11),
(86, 204, 11),
(87, 367, 11),
(88, 238, 11),
(89, 243, 11),
(90, 177, 11),
(91, 120, 11),
(92, 314, 11),
(93, 185, 11),
(94, 297, 11),
(95, 268, 11),
(96, 376, 11),
(97, 299, 11),
(98, 153, 11),
(99, 286, 11),
(100, 380, 11),
(101, 335, 11),
(102, 332, 11),
(103, 281, 11),
(104, 341, 11),
(105, 381, 11),
(106, 206, 11),
(107, 351, 11),
(108, 170, 11),
(109, 156, 11),
(110, 179, 11),
(111, 134, 11),
(112, 308, 11),
(113, 322, 11),
(114, 106, 11),
(115, 209, 11),
(116, 346, 11),
(117, 364, 11),
(118, 373, 11),
(119, 295, 11),
(120, 374, 11),
(121, 350, 11),
(122, 136, 11),
(123, 393, 11),
(124, 269, 11),
(125, 135, 11),
(126, 294, 11),
(127, 331, 11),
(128, 246, 11),
(129, 326, 11),
(130, 215, 11),
(131, 339, 11),
(132, 130, 11),
(133, 119, 11),
(134, 128, 11),
(135, 291, 11),
(136, 371, 11),
(137, 131, 11),
(138, 344, 11),
(139, 233, 11),
(140, 116, 11),
(141, 245, 11),
(142, 396, 11),
(143, 315, 11),
(144, 239, 11),
(145, 264, 11),
(146, 139, 11),
(147, 181, 11),
(148, 255, 11),
(149, 319, 11),
(150, 173, 11),
(151, 289, 11),
(152, 310, 11),
(153, 178, 11),
(154, 385, 11),
(155, 114, 11),
(156, 220, 11),
(157, 232, 11),
(158, 274, 11),
(159, 163, 11),
(160, 336, 11),
(161, 365, 11),
(162, 252, 11),
(163, 394, 11),
(164, 122, 11),
(165, 273, 11),
(166, 197, 11),
(167, 191, 11),
(168, 327, 11),
(169, 320, 11),
(170, 221, 11),
(171, 235, 11),
(172, 279, 11),
(173, 361, 11),
(174, 359, 11),
(175, 231, 11),
(176, 261, 11),
(177, 193, 11),
(178, 378, 11),
(179, 198, 11),
(180, 285, 11),
(181, 311, 11),
(182, 214, 11),
(183, 137, 11),
(184, 167, 11),
(185, 362, 11),
(186, 391, 11),
(187, 276, 11),
(188, 227, 11),
(189, 172, 11),
(190, 250, 11),
(191, 306, 11),
(192, 349, 11),
(193, 224, 11),
(194, 145, 11),
(195, 266, 11),
(196, 280, 11),
(197, 324, 11),
(198, 188, 11),
(199, 222, 11),
(200, 237, 11),
(201, 298, 11),
(202, 158, 11),
(203, 123, 11),
(204, 141, 11),
(205, 108, 11),
(206, 201, 11),
(207, 272, 11),
(208, 151, 11),
(209, 180, 11),
(210, 143, 11),
(211, 157, 11),
(212, 347, 11),
(213, 293, 11),
(214, 146, 11),
(215, 333, 11),
(216, 127, 11),
(217, 190, 11),
(218, 248, 11),
(219, 225, 11),
(220, 258, 11),
(221, 302, 11),
(222, 186, 11),
(223, 330, 11),
(224, 155, 11),
(225, 389, 11),
(226, 338, 11),
(227, 148, 11),
(228, 354, 11),
(229, 138, 11),
(230, 154, 11),
(231, 277, 11),
(232, 110, 11),
(233, 317, 11),
(234, 375, 11),
(235, 247, 11),
(236, 325, 11),
(237, 168, 11),
(238, 166, 11),
(239, 196, 11),
(240, 249, 11),
(241, 212, 11),
(242, 129, 11),
(243, 132, 11),
(244, 366, 11),
(245, 194, 11),
(246, 236, 11),
(247, 244, 11),
(248, 251, 11),
(249, 213, 11),
(250, 340, 11),
(251, 260, 11),
(252, 368, 11),
(253, 126, 11),
(254, 386, 11),
(255, 115, 11),
(256, 240, 11),
(257, 241, 11),
(258, 192, 11),
(259, 263, 11),
(260, 275, 11),
(261, 300, 11),
(262, 147, 11),
(263, 162, 11),
(264, 208, 11),
(265, 342, 11),
(266, 348, 11),
(267, 271, 11),
(268, 257, 11),
(269, 397, 11),
(270, 107, 11),
(271, 305, 11),
(272, 355, 11),
(273, 370, 11),
(274, 174, 11),
(275, 149, 11),
(276, 287, 11),
(277, 363, 11),
(278, 334, 11),
(279, 199, 11),
(280, 290, 11),
(281, 278, 11),
(282, 210, 11),
(283, 133, 11),
(284, 161, 11),
(285, 270, 11),
(286, 195, 11),
(287, 307, 11),
(288, 142, 11),
(289, 382, 11),
(290, 124, 11),
(291, 125, 11),
(292, 118, 11),
(293, 369, 11),
(294, 211, 11),
(295, 171, 11),
(296, 392, 11),
(297, 217, 11),
(298, 101, 11);

-- --------------------------------------------------------

--
-- Table structure for table `AuthorCitator`
--

CREATE TABLE IF NOT EXISTS `AuthorCitator` (
  `authorId` int(11) DEFAULT NULL,
  `citatorId` int(11) DEFAULT NULL
) ENGINE=InnoDB DEFAULT CHARSET=utf8;

-- --------------------------------------------------------

--
-- Table structure for table `Category`
--

CREATE TABLE IF NOT EXISTS `Category` (
  `categoryId` int(11) NOT NULL AUTO_INCREMENT,
  `name` varchar(100) DEFAULT NULL,
  PRIMARY KEY (`categoryId`)
) ENGINE=InnoDB  DEFAULT CHARSET=utf8 AUTO_INCREMENT=24 ;

--
-- Dumping data for table `Category`
--

INSERT INTO `Category` (`categoryId`, `name`) VALUES
(11, 'Комп''ютерні технології'),
(12, 'Правознавство'),
(13, 'Техногенна безпека'),
(14, 'Техніка'),
(15, 'Філологія. Літературознавство'),
(16, 'Політичні науки'),
(17, 'Екологія'),
(18, 'Державне управління'),
(19, 'Педагогіка'),
(20, 'Соціологія'),
(21, 'Філологія. Мовознавство'),
(22, 'Історія'),
(23, 'Економіка');

-- --------------------------------------------------------

--
-- Table structure for table `Faq`
--

CREATE TABLE IF NOT EXISTS `Faq` (
  `faqId` int(11) NOT NULL AUTO_INCREMENT,
  `question` varchar(500) DEFAULT NULL,
  `answer` text,
  `updated_timestamp` timestamp NOT NULL DEFAULT CURRENT_TIMESTAMP ON UPDATE CURRENT_TIMESTAMP,
  `created_timestamp` timestamp NOT NULL DEFAULT '0000-00-00 00:00:00',
  PRIMARY KEY (`faqId`)
) ENGINE=InnoDB  DEFAULT CHARSET=utf8 AUTO_INCREMENT=8 ;

--
-- Dumping data for table `Faq`
--

INSERT INTO `Faq` (`faqId`, `question`, `answer`, `updated_timestamp`, `created_timestamp`) VALUES
(2, 'Як підраховується індекс цитування для автора?', '<p>Індекс цитування для автора вираховується як відношення усієї кількості посилань на автора до кількості статей, які він надрукував.</p>\r\n<p>Це дозволяє надати усереднену якісну оцінку роботи автора.</p>', '2014-05-30 06:09:03', '0000-00-00 00:00:00'),
(3, 'Як вираховується індекс цитування для статей?', '<p>Індекс цитування для статей відповідає загальній кількості посилать на цю статтю. Такий алгоритм обліку був обраний через невелику кількість посилань на внутрішні роботи авторів.</p>', '2014-05-30 06:10:18', '0000-00-00 00:00:00'),
(4, 'Як можна додати власну статтю?', '<p>Для того, щоб додати власну статтю, необхідно бути зареєстрованим у системі.</p>\r\n<p>Перейшовши до кабінету можна заповнити такі параметри:</p>\r\n<ul>\r\n<li>Назва статті;</li>\r\n<li>Рік видання;</li>\r\n<li>Автори, на яких посилаєтесь у статті;</li>\r\n<li>Статті, на які посилаєтесь у статті.</li>\r\n</ul>\r\n<p>Обов''язковою вимогою є додання статті у форматі PDF файлу, або посилання на зовнішній ресурс/бібліотеку.</p>', '2014-05-30 06:12:30', '0000-00-00 00:00:00'),
(5, 'Як переглянути список статей?', '<p>Перші 10 статей, які мають найвищий рейтинг відображаются на головній сторінці у вигляді таблиці. На сторінці <a href="http://citation.no-ip.info/article">"Статті"</a> можна знайти та відфільтрувати інші статті за зручними параметрами.</p>', '2014-05-30 06:14:32', '0000-00-00 00:00:00'),
(6, 'Як знайти автора та його карточку у системі?', '<p>Знайти автора можна перейшовши на сторінку <a href="http://citation.no-ip.info/author">"Автори"</a> і відфільтрувавши показ усіх авторів за категоріями або частиною імені автора.</p>', '2014-05-30 06:15:58', '0000-00-00 00:00:00'),
(7, 'Чи можна завантажити копію наукової статті на комп''ютер?', '<p>Так. Це можна зробити клікнувши на зображенні PDF файлу у останній колонці таблиці статей (на головній сторінці, на сторінці "Статті", у карточці автору).</p>', '2014-05-30 06:18:16', '0000-00-00 00:00:00');

-- --------------------------------------------------------

--
-- Table structure for table `tbl_migration`
--

CREATE TABLE IF NOT EXISTS `tbl_migration` (
  `version` varchar(255) NOT NULL,
  `apply_time` int(11) DEFAULT NULL,
  PRIMARY KEY (`version`)
) ENGINE=InnoDB DEFAULT CHARSET=utf8;

--
-- Dumping data for table `tbl_migration`
--

INSERT INTO `tbl_migration` (`version`, `apply_time`) VALUES
('m000000_000000_base', 1401123042),
('m120902_170534_adminUsers', 1401123044),
('m140526_170828_Init', 1401128230),
('m140527_182328_updateArticle', 1401215113),
('m140527_185841_faq', 1401217254),
('m140529_195929_articleAuthor', 1401393698),
('m140529_201153_authorIndex', 1401394920),
('m140529_210307_articleArticle', 1401397520);

/*!40101 SET CHARACTER_SET_CLIENT=@OLD_CHARACTER_SET_CLIENT */;
/*!40101 SET CHARACTER_SET_RESULTS=@OLD_CHARACTER_SET_RESULTS */;
/*!40101 SET COLLATION_CONNECTION=@OLD_COLLATION_CONNECTION */;
